a,p,e,x,orbit_class,nsamples,min,median,p90
0.0,10.0,0.0,1.0,circular-equatorial,64,6.874994141981006e-06,7.374997949227691e-06,8.891412289813162e-06
0.0,10.0,0.0,1.0,circular-equatorial,128,6.624992238357663e-06,6.791000487282872e-06,7.558794459328056e-06
0.0,10.0,0.0,1.0,circular-equatorial,256,7.041002390906215e-06,7.2499969974160194e-06,7.675000233575702e-06
0.0,10.0,0.0,1.0,circular-equatorial,512,8.08399636298418e-06,8.1659818533808e-06,8.491211337968707e-06
0.0,10.0,0.0,1.0,circular-equatorial,1024,1.1083000572398305e-05,1.1416996130719781e-05,1.167519949376583e-05
0.0,10.0,0.0,1.0,circular-equatorial,2048,1.675001112744212e-05,1.6874982975423336e-05,1.7116218805313112e-05
0.0,10.0,0.0,1.0,circular-equatorial,4096,2.5957997422665358e-05,2.6291992980986834e-05,2.6841997168958187e-05
0.0,10.0,0.0,0.5,spherical,64,0.00010658300016075373,0.00010716699762269855,0.00010800039162859321
0.0,10.0,0.0,0.5,spherical,128,0.00011520800762809813,0.0001155420031864196,0.00011887481086887419
0.0,10.0,0.0,0.5,spherical,256,0.00013395899441093206,0.00013479101471602917,0.00013836660655215384
0.0,10.0,0.0,0.5,spherical,512,0.00017187499906867743,0.00018704202375374734,0.00019760000868700444
0.0,10.0,0.0,0.5,spherical,1024,0.0002479999966453761,0.00025429201195947826,0.00025989199057221415
0.0,10.0,0.0,0.5,spherical,2048,0.00047625001752749085,0.0004783750046044588,0.0004885414033196867
0.0,10.0,0.0,0.5,spherical,4096,0.0010984169784933329,0.001116667001042515,0.0012004413758404553
0.0,10.0,0.0,0.1,spherical,64,0.0059408329834695905,0.006196917005581781,0.006540608202340081
0.0,10.0,0.0,0.1,spherical,128,0.005512750009074807,0.0055802919960115105,0.005671783204888925
0.0,10.0,0.0,0.1,spherical,256,0.005630125000607222,0.0057822910021059215,0.005893417005427182
0.0,10.0,0.0,0.1,spherical,512,0.00595529202837497,0.006079332990339026,0.006132558191893622
0.0,10.0,0.0,0.1,spherical,1024,0.006485999998403713,0.006594791018869728,0.0066249419935047625
0.0,10.0,0.0,0.1,spherical,2048,0.007416125008603558,0.007483000023057684,0.007537033600965515
0.0,10.0,0.0,0.1,spherical,4096,0.009236333018634468,0.009356916998513043,0.009749666595598682
0.0,10.0,0.5,1.0,eccentric-equatorial,64,4.633399657905102e-05,4.7250010538846254e-05,5.309139378368855e-05
0.0,10.0,0.5,1.0,eccentric-equatorial,128,5.7249999372288585e-05,5.7416007621213794e-05,5.792499287053943e-05
0.0,10.0,0.5,1.0,eccentric-equatorial,256,7.999999797903001e-05,8.05000017862767e-05,8.498338283970953e-05
0.0,10.0,0.5,1.0,eccentric-equatorial,512,0.00012762501137331128,0.00012954199337400496,0.0001332672080025077
0.0,10.0,0.5,1.0,eccentric-equatorial,1024,0.000222250004298985,0.0002331669966224581,0.00025443320628255607
0.0,10.0,0.5,1.0,eccentric-equatorial,2048,0.0004082079976797104,0.00040950000402517617,0.00041445001843385396
0.0,10.0,0.5,1.0,eccentric-equatorial,4096,0.0007770419761072844,0.0007884169754106551,0.0008325998031068593
0.0,10.0,0.5,0.5,generic,64,0.00015308300498872995,0.00015379098476842046,0.00016117518534883857
0.0,10.0,0.5,0.5,generic,128,0.0001736670092213899,0.00017395801842212677,0.000186233181739226
0.0,10.0,0.5,0.5,generic,256,0.00021583400666713715,0.00021616698359139264,0.00022659979294985534
0.0,10.0,0.5,0.5,generic,512,0.00030304197571240366,0.0003037089772988111,0.00030821660766378045
0.0,10.0,0.5,0.5,generic,1024,0.000479582988191396,0.0004859589971601963,0.0005217002064455301
0.0,10.0,0.5,0.5,generic,2048,0.0008390000148210675,0.0008545419841539115,0.000892475200816989
0.0,10.0,0.5,0.5,generic,4096,0.0015417920076288283,0.0015775409992784262,0.0016316748107783497
0.0,10.0,0.5,0.1,generic,64,0.005596375005552545,0.0056494169984944165,0.005729599995538593
0.0,10.0,0.5,0.1,generic,128,0.0057398749922867864,0.0058365410077385604,0.005913391208741814
0.0,10.0,0.5,0.1,generic,256,0.005879333999473602,0.005952791980234906,0.006014383403817191
0.0,10.0,0.5,0.1,generic,512,0.006179832998896018,0.0062781249871477485,0.006332633609417826
0.0,10.0,0.5,0.1,generic,1024,0.006768624996766448,0.00687041599303484,0.006911941210273653
0.0,10.0,0.5,0.1,generic,2048,0.007667375000892207,0.007755375001579523,0.00784194139414467
0.0,10.0,0.5,0.1,generic,4096,0.009961959003703669,0.009968375001335517,0.010293933184584603
0.0,8.0,0.3,1.0,eccentric-equatorial,64,3.762499545700848e-05,3.816699609160423e-05,4.6858395216986536e-05
0.0,8.0,0.3,1.0,eccentric-equatorial,128,4.8165995394811034e-05,4.841701593250036e-05,5.2833592053502795e-05
0.0,8.0,0.3,1.0,eccentric-equatorial,256,6.724998820573092e-05,7.395801367238164e-05,7.982499664649367e-05
0.0,8.0,0.3,1.0,eccentric-equatorial,512,0.00010562501847743988,0.00010720800491981208,0.00011744959629140794
0.0,8.0,0.3,1.0,eccentric-equatorial,1024,0.00018616599845699966,0.00018649999401532114,0.00019156680791638793
0.0,8.0,0.3,1.0,eccentric-equatorial,2048,0.00032979101524688303,0.00034766699536703527,0.0003593580040615052
0.0,8.0,0.3,1.0,eccentric-equatorial,4096,0.0006584999791812152,0.0006752909976057708,0.0007071582018397749
0.0,8.0,0.3,0.5,generic,64,0.00014454199117608368,0.00014474999625235796,0.0001483913860283792
0.0,8.0,0.3,0.5,generic,128,0.00016370898811146617,0.00016408300143666565,0.0001645500015001744
0.0,8.0,0.3,0.5,generic,256,0.0002137910050805658,0.0002221670001745224,0.00023907480644993483
0.0,8.0,0.3,0.5,generic,512,0.0002627079957164824,0.000293916993541643,0.00029936719220131637
0.0,8.0,0.3,0.5,generic,1024,0.00044379199971444905,0.0004446660168468952,0.00045366641134023664
0.0,8.0,0.3,0.5,generic,2048,0.0007619159878231585,0.0008082499844022095,0.0008255585969891399
0.0,8.0,0.3,0.5,generic,4096,0.0014080410182941705,0.0014404579997062683,0.0014748082030564547
0.0,8.0,0.3,0.1,generic,64,0.005547832988668233,0.00563525001052767,0.005799116397975012
0.0,8.0,0.3,0.1,generic,128,0.005575249990215525,0.005753167002694681,0.005908558802912012
0.0,8.0,0.3,0.1,generic,256,0.005827875022077933,0.005927624995820224,0.0060643164091743525
0.0,8.0,0.3,0.1,generic,512,0.0061406249878928065,0.006351875024847686,0.006739333207951859
0.0,8.0,0.3,0.1,generic,1024,0.007325499987928197,0.007412125007249415,0.00748131659347564
0.0,8.0,0.3,0.1,generic,2048,0.008480749995214865,0.008622166991699487,0.008669833390740678
0.0,8.0,0.3,0.1,generic,4096,0.010532707994570956,0.010915249993558973,0.011024425399955361
0.5,10.0,0.0,1.0,circular-equatorial,64,7.041991921141744e-06,7.291004294529557e-06,8.05018935352564e-06
0.5,10.0,0.0,1.0,circular-equatorial,128,7.0829992182552814e-06,7.209018804132938e-06,7.5830030255019665e-06
0.5,10.0,0.0,1.0,circular-equatorial,256,7.833004929125309e-06,7.95800588093698e-06,8.091999916359782e-06
0.5,10.0,0.0,1.0,circular-equatorial,512,9.207986295223236e-06,9.334005881100893e-06,9.533413685858249e-06
0.5,10.0,0.0,1.0,circular-equatorial,1024,1.258301199413836e-05,1.287501072511077e-05,1.2983399210497737e-05
0.5,10.0,0.0,1.0,circular-equatorial,2048,1.8167018424719572e-05,1.8874998204410076e-05,1.917457557283342e-05
0.5,10.0,0.0,1.0,circular-equatorial,4096,2.8250011382624507e-05,2.8583017410710454e-05,2.8808583738282324e-05
0.5,10.0,0.0,0.5,spherical,64,0.0002242090122308582,0.0002247079974040389,0.00022617500508204103
0.5,10.0,0.0,0.5,spherical,128,0.00023700000019744039,0.00024329201551154256,0.000261374784167856
0.5,10.0,0.0,0.5,spherical,256,0.0002592080272734165,0.00027804201818071306,0.0002936089993454516
0.5,10.0,0.0,0.5,spherical,512,0.000311999989207834,0.00031254100031219423,0.0003414164006244391
0.5,10.0,0.0,0.5,spherical,1024,0.0004176250076852739,0.0004352919931989163,0.00046278340159915387
0.5,10.0,0.0,0.5,spherical,2048,0.000639917008811608,0.0006515830173157156,0.0006578252010513097
0.5,10.0,0.0,0.5,spherical,4096,0.0010241660056635737,0.0010726250184234232,0.0011064497928600758
0.5,10.0,0.0,0.1,spherical,64,0.011261875013587996,0.011367999977665022,0.01150722520542331
0.5,10.0,0.0,0.1,spherical,128,0.010997042001690716,0.011322957987431437,0.011682191799627617
0.5,10.0,0.0,0.1,spherical,256,0.011136457993416116,0.011220999993383884,0.011284424795303494
0.5,10.0,0.0,0.1,spherical,512,0.01143104099901393,0.01147108298027888,0.011480841797310858
0.5,10.0,0.0,0.1,spherical,1024,0.011822625005152076,0.011891292000655085,0.011967700405512005
0.5,10.0,0.0,0.1,spherical,2048,0.012542541982838884,0.012809082982130349,0.012987291405443102
0.5,10.0,0.0,0.1,spherical,4096,0.014076666004257277,0.014765291998628527,0.014900657994439825
0.5,10.0,0.5,1.0,eccentric-equatorial,64,4.5374996261671185e-05,4.6582979848608375e-05,5.376599729061127e-05
0.5,10.0,0.5,1.0,eccentric-equatorial,128,5.654097185470164e-05,5.716699524782598e-05,6.0532806674018506e-05
0.5,10.0,0.5,1.0,eccentric-equatorial,256,8.066601003520191e-05,8.087500464171171e-05,8.207499631680548e-05
0.5,10.0,0.5,1.0,eccentric-equatorial,512,0.00012929202057421207,0.00013283302541822195,0.00013994999462738634
0.5,10.0,0.5,1.0,eccentric-equatorial,1024,0.00022924999939277768,0.00023350000265054405,0.00026034180773422123
0.5,10.0,0.5,1.0,eccentric-equatorial,2048,0.00042758299969136715,0.0004310840158723295,0.00044287482160143554
0.5,10.0,0.5,1.0,eccentric-equatorial,4096,0.0008187089988496155,0.000846249982714653,0.000860616605496034
0.5,10.0,0.5,0.5,generic,64,0.00024970798403955996,0.00025341700529679656,0.0002582829911261797
0.5,10.0,0.5,0.5,generic,128,0.0002732079883571714,0.00028658300288952887,0.00029945800197310745
0.5,10.0,0.5,0.5,generic,256,0.0003220000071451068,0.0003224580141250044,0.00033195820287801325
0.5,10.0,0.5,0.5,generic,512,0.00042579200817272067,0.0004326659836806357,0.0004729247884824872
0.5,10.0,0.5,0.5,generic,1024,0.0006262500246521086,0.0006293749902397394,0.0006477663817349821
0.5,10.0,0.5,0.5,generic,2048,0.001045417011482641,0.0010601250105537474,0.0011013337934855372
0.5,10.0,0.5,0.5,generic,4096,0.0018748329894151539,0.0018797079974319786,0.0019392168091144414
0.5,10.0,0.5,0.1,generic,64,0.010929125011898577,0.011052750021917745,0.011117749800905585
0.5,10.0,0.5,0.1,generic,128,0.010776500013889745,0.01107199999387376,0.011303699994459748
0.5,10.0,0.5,0.1,generic,256,0.010783624980831519,0.011210208991542459,0.011307908204616978
0.5,10.0,0.5,0.1,generic,512,0.011175749998074025,0.011438416986493394,0.011578233208274469
0.5,10.0,0.5,0.1,generic,1024,0.011660124990157783,0.012054582999553531,0.01223819978768006
0.5,10.0,0.5,0.1,generic,2048,0.013200791989220306,0.01331241600564681,0.01337181639391929
0.5,10.0,0.5,0.1,generic,4096,0.014809916989179328,0.015675583010306582,0.016482575004920362
0.5,8.0,0.3,1.0,eccentric-equatorial,64,3.1208008294925094e-05,3.15000070258975e-05,3.253318718634546e-05
0.5,8.0,0.3,1.0,eccentric-equatorial,128,4.0332990465685725e-05,4.054099554196e-05,4.126639687456191e-05
0.5,8.0,0.3,1.0,eccentric-equatorial,256,5.791700095869601e-05,5.8874982642009854e-05,5.990819190628827e-05
0.5,8.0,0.3,1.0,eccentric-equatorial,512,9.533300180919468e-05,9.566699736751616e-05,9.685839759185911e-05
0.5,8.0,0.3,1.0,eccentric-equatorial,1024,0.0001704589813016355,0.00017095799557864666,0.00017276700818911195
0.5,8.0,0.3,1.0,eccentric-equatorial,2048,0.00031879200832918286,0.0003191669820807874,0.00032039139769040047
0.5,8.0,0.3,1.0,eccentric-equatorial,4096,0.0006121249753050506,0.0006130840047262609,0.0006152998015750199
0.5,8.0,0.3,0.5,generic,64,0.0002491670020390302,0.00024950000806711614,0.00025064198416657746
0.5,8.0,0.3,0.5,generic,128,0.0002707499952521175,0.00027166600921191275,0.00027757480856962504
0.5,8.0,0.3,0.5,generic,256,0.00031462498009204865,0.00031558400951325893,0.00031825019395910205
0.5,8.0,0.3,0.5,generic,512,0.00040587500552646816,0.00040616700425744057,0.0004080335900653154
0.5,8.0,0.3,0.5,generic,1024,0.0005898330127820373,0.000593958975514397,0.0006136416166555137
0.5,8.0,0.3,0.5,generic,2048,0.0009612500143703073,0.0009799590043257922,0.0010041754110716283
0.5,8.0,0.3,0.5,generic,4096,0.0016807080246508121,0.0017126669990830123,0.0017479330068454146
0.5,8.0,0.3,0.1,generic,64,0.011814083001809195,0.012020708003547043,0.01224356660968624
0.5,8.0,0.3,0.1,generic,128,0.011271708994172513,0.011373290995834395,0.01162792499526404
0.5,8.0,0.3,0.1,generic,256,0.01143054198473692,0.011490624980069697,0.011554932995932177
0.5,8.0,0.3,0.1,generic,512,0.01167783301207237,0.011711792001733556,0.011784974997863174
0.5,8.0,0.3,0.1,generic,1024,0.011808625014964491,0.012091499986127019,0.012302816804731265
0.5,8.0,0.3,0.1,generic,2048,0.013249625015305355,0.013286791974678636,0.013376550207613035
0.5,8.0,0.3,0.1,generic,4096,0.015442250005435199,0.015553415985777974,0.015689566201763226
0.9,10.0,0.0,1.0,circular-equatorial,64,6.290996680036187e-06,6.499991286545992e-06,6.807997124269605e-06
0.9,10.0,0.0,1.0,circular-equatorial,128,6.66698906570673e-06,6.791000487282872e-06,6.891414523124695e-06
0.9,10.0,0.0,1.0,circular-equatorial,256,7.499998901039362e-06,7.665978046134114e-06,7.733417442068458e-06
0.9,10.0,0.0,1.0,circular-equatorial,512,8.66700429469347e-06,8.750008419156075e-06,8.958607213571668e-06
0.9,10.0,0.0,1.0,circular-equatorial,1024,1.1833006283268332e-05,1.2125005014240742e-05,1.2391805648803711e-05
0.9,10.0,0.0,1.0,circular-equatorial,2048,1.7834012396633625e-05,1.8332997569814324e-05,1.871639979071915e-05
0.9,10.0,0.0,1.0,circular-equatorial,4096,2.6458001229912043e-05,2.691699774004519e-05,3.0441803392022852e-05
0.9,10.0,0.0,0.5,spherical,64,0.00021241599461063743,0.00021258302149362862,0.00022379220463335516
0.9,10.0,0.0,0.5,spherical,128,0.00022416599676944315,0.00022562500089406967,0.00023230781662277877
0.9,10.0,0.0,0.5,spherical,256,0.00024854199727997184,0.0002491670020390302,0.00026370860286988317
0.9,10.0,0.0,0.5,spherical,512,0.0002981669967994094,0.0003015830006916076,0.0003086751967202872
0.9,10.0,0.0,0.5,spherical,1024,0.00039937501423992217,0.00040795799577608705,0.0004387914086692035
0.9,10.0,0.0,0.5,spherical,2048,0.0006052920070942491,0.0006124589999672025,0.0006184078054502606
0.9,10.0,0.0,0.5,spherical,4096,0.0010075000172946602,0.0010233749926555902,0.0010489748034160583
0.9,10.0,0.0,0.1,spherical,64,0.010944874986307696,0.011079165997216478,0.011156149813905359
0.9,10.0,0.0,0.1,spherical,128,0.010429083020426333,0.010904874972766265,0.011266424995847046
0.9,10.0,0.0,0.1,spherical,256,0.01111520899576135,0.011190707999048755,0.011202624998986721
0.9,10.0,0.0,0.1,spherical,512,0.011271958996076137,0.011461750022135675,0.011614908609772101
0.9,10.0,0.0,0.1,spherical,1024,0.011651665990939364,0.012004582997178659,0.012185033201240003
0.9,10.0,0.0,0.1,spherical,2048,0.012987708003493026,0.013099458010401577,0.01318532478180714
0.9,10.0,0.0,0.1,spherical,4096,0.014254832989536226,0.014715416997205466,0.014818391390144825
0.9,10.0,0.5,1.0,eccentric-equatorial,64,4.300000728107989e-05,4.3334002839401364e-05,4.450860433280468e-05
0.9,10.0,0.5,1.0,eccentric-equatorial,128,5.47909876331687e-05,5.5082986364141107e-05,5.561640718951821e-05
0.9,10.0,0.5,1.0,eccentric-equatorial,256,7.912499131634831e-05,7.929201819933951e-05,8.009199518710375e-05
0.9,10.0,0.5,1.0,eccentric-equatorial,512,0.00012875001993961632,0.0001294999965466559,0.00013301659491844476
0.9,10.0,0.5,1.0,eccentric-equatorial,1024,0.00022691700723953545,0.00022891699336469173,0.0002398083917796612
0.9,10.0,0.5,1.0,eccentric-equatorial,2048,0.00042404100531712174,0.00042524997843429446,0.00043645801488310096
0.9,10.0,0.5,1.0,eccentric-equatorial,4096,0.0008142080041579902,0.0008248339872807264,0.0008359752013348043
0.9,10.0,0.5,0.5,generic,64,0.00025158299831673503,0.0002558339911047369,0.0002738000068347901
0.9,10.0,0.5,0.5,generic,128,0.0002745829988270998,0.0002782499941531569,0.0002861409971956164
0.9,10.0,0.5,0.5,generic,256,0.00032350001856684685,0.0003246659762226045,0.00032898359932005407
0.9,10.0,0.5,0.5,generic,512,0.000424207973992452,0.00042825000127777457,0.0004556831903755665
0.9,10.0,0.5,0.5,generic,1024,0.0006338329985737801,0.0006558329914696515,0.000677541404729709
0.9,10.0,0.5,0.5,generic,2048,0.0010564160184003413,0.001068874989869073,0.0010954831959679723
0.9,10.0,0.5,0.5,generic,4096,0.0018505420011933893,0.001879000017652288,0.0019411001936532556
0.9,10.0,0.5,0.1,generic,64,0.010980040999129415,0.011133207997772843,0.01125174980261363
0.9,10.0,0.5,0.1,generic,128,0.011199833010323346,0.011436166998464614,0.01200795780750923
0.9,10.0,0.5,0.1,generic,256,0.011365750018740073,0.011434209009166807,0.011702425411203875
0.9,10.0,0.5,0.1,generic,512,0.012033917009830475,0.01208958399365656,0.012415991007583217
0.9,10.0,0.5,0.1,generic,1024,0.012796833005268127,0.013139250018866733,0.013231824804097413
0.9,10.0,0.5,0.1,generic,2048,0.013118667004164308,0.013693999993847683,0.014379766402998938
0.9,10.0,0.5,0.1,generic,4096,0.015122542012250051,0.01592624999466352,0.01600989139988087
0.9,8.0,0.3,1.0,eccentric-equatorial,64,2.795798354782164e-05,2.812498132698238e-05,2.8858002042397857e-05
0.9,8.0,0.3,1.0,eccentric-equatorial,128,3.637498593889177e-05,3.658398054540157e-05,3.719139494933188e-05
0.9,8.0,0.3,1.0,eccentric-equatorial,256,5.345800309441984e-05,5.3832976846024394e-05,5.4483604617416856e-05
0.9,8.0,0.3,1.0,eccentric-equatorial,512,8.829199941828847e-05,8.912498014979064e-05,9.228379931300879e-05
0.9,8.0,0.3,1.0,eccentric-equatorial,1024,0.0001582919794600457,0.00015949999215081334,0.00016471660346724094
0.9,8.0,0.3,1.0,eccentric-equatorial,2048,0.00029654198442585766,0.0002972919901367277,0.0003201998071745038
0.9,8.0,0.3,1.0,eccentric-equatorial,4096,0.0005690839898306876,0.0005713749851565808,0.0005872668058145792
0.9,8.0,0.3,0.5,generic,64,0.00023545799194835126,0.00023587499163113534,0.0002470832085236907
0.9,8.0,0.3,0.5,generic,128,0.0002556250256020576,0.00025641598040238023,0.00026513382326811554
0.9,8.0,0.3,0.5,generic,256,0.00029700002050958574,0.00029833399457857013,0.0003067915968131274
0.9,8.0,0.3,0.5,generic,512,0.00038262500311248004,0.0003888749924954027,0.00039035858935676515
0.9,8.0,0.3,0.5,generic,1024,0.000556332990527153,0.0005715000152122229,0.0005918834125623107
0.9,8.0,0.3,0.5,generic,2048,0.0009048329957295209,0.0009137910092249513,0.0009565499960444868
0.9,8.0,0.3,0.5,generic,4096,0.0015854589873924851,0.0016271249915007502,0.001653266604989767
0.9,8.0,0.3,0.1,generic,64,0.011215291015105322,0.011311874986859038,0.011447032983414828
0.9,8.0,0.3,0.1,generic,128,0.01059424999402836,0.011036042007617652,0.0112027166003827
0.9,8.0,0.3,0.1,generic,256,0.011169833014719188,0.011310082976706326,0.011331066396087408
0.9,8.0,0.3,0.1,generic,512,0.011523499997565523,0.011583457991946489,0.011668683990137652
0.9,8.0,0.3,0.1,generic,1024,0.012121250008931383,0.012148958019679412,0.012201533204643056
0.9,8.0,0.3,0.1,generic,2048,0.013214707985753193,0.01335108300554566,0.013850808993447572
0.9,8.0,0.3,0.1,generic,4096,0.014802833000430837,0.015476542001124471,0.01599190039560199
0.99,10.0,0.0,1.0,circular-equatorial,64,6.582995411008596e-06,6.665999535471201e-06,7.2581984568387275e-06
0.99,10.0,0.0,1.0,circular-equatorial,128,6.750022293999791e-06,6.874994141981006e-06,7.416604785248637e-06
0.99,10.0,0.0,1.0,circular-equatorial,256,7.875001756474376e-06,8.833012543618679e-06,1.0266393655911087e-05
0.99,10.0,0.0,1.0,circular-equatorial,512,8.95801349543035e-06,1.1416006600484252e-05,1.1833204189315438e-05
0.99,10.0,0.0,1.0,circular-equatorial,1024,1.2083008186891675e-05,1.2542004697024822e-05,1.4941795961931348e-05
0.99,10.0,0.0,1.0,circular-equatorial,2048,1.6916979802772403e-05,1.7040991224348545e-05,1.727539929561317e-05
0.99,10.0,0.0,1.0,circular-equatorial,4096,2.7292000595480204e-05,2.7583009796217084e-05,2.780860522761941e-05
0.99,10.0,0.0,0.5,spherical,64,0.00021137497969903052,0.00021187501261010766,0.00021482519223354758
0.99,10.0,0.0,0.5,spherical,128,0.00022337501286529005,0.00022349998471327126,0.00022392499959096314
0.99,10.0,0.0,0.5,spherical,256,0.0002478749956935644,0.00024841600679792464,0.0002532909973524511
0.99,10.0,0.0,0.5,spherical,512,0.00027795799542218447,0.00028120799106545746,0.0003041004179976881
0.99,10.0,0.0,0.5,spherical,1024,0.0003989999822806567,0.0004000000189989805,0.00040275000501424076
0.99,10.0,0.0,0.5,spherical,2048,0.0006034580001141876,0.0006097909936215729,0.0006308169977273792
0.99,10.0,0.0,0.5,spherical,4096,0.0010107500129379332,0.001020000025164336,0.0010635998100042344
0.99,10.0,0.0,0.1,spherical,64,0.010989458998665214,0.0110658330086153,0.011172650393564253
0.99,10.0,0.0,0.1,spherical,128,0.010984665976138785,0.011154375009937212,0.011210058588767424
0.99,10.0,0.0,0.1,spherical,256,0.011174250015756115,0.011261042003752664,0.011502008588286117
0.99,10.0,0.0,0.1,spherical,512,0.011521667009219527,0.011698042013449594,0.011881099798483775
0.99,10.0,0.0,0.1,spherical,1024,0.012769332999596372,0.012882125010946766,0.013043883210048079
0.99,10.0,0.0,0.1,spherical,2048,0.01312195899663493,0.013978665985632688,0.01426584119326435
0.99,10.0,0.0,0.1,spherical,4096,0.01500891600153409,0.015085917024407536,0.015229483583243563
0.99,10.0,0.5,1.0,eccentric-equatorial,64,4.420900950208306e-05,4.5666994992643595e-05,5.61667897272855e-05
0.99,10.0,0.5,1.0,eccentric-equatorial,128,5.5042008170858026e-05,5.6083023082464933e-05,5.917539820075035e-05
0.99,10.0,0.5,1.0,eccentric-equatorial,256,7.899999036453664e-05,7.929099956527352e-05,8.187459898181259e-05
0.99,10.0,0.5,1.0,eccentric-equatorial,512,0.00012837498798035085,0.00013066598330624402,0.000133407989051193
0.99,10.0,0.5,1.0,eccentric-equatorial,1024,0.00022670801263302565,0.00022799998987466097,0.00024355820496566594
0.99,10.0,0.5,1.0,eccentric-equatorial,2048,0.00042570900404825807,0.00043504202039912343,0.0004570248012896627
0.99,10.0,0.5,1.0,eccentric-equatorial,4096,0.0008143339946400374,0.0008183330064639449,0.0008492500113788992
0.99,10.0,0.5,0.5,generic,64,0.0002513329964131117,0.0002546250179875642,0.0002613747899886221
0.99,10.0,0.5,0.5,generic,128,0.00027491600485518575,0.00027512499946169555,0.0002809334080666304
0.99,10.0,0.5,0.5,generic,256,0.0003233749885112047,0.0003345840086694807,0.00036545799230225384
0.99,10.0,0.5,0.5,generic,512,0.0004247499746270478,0.00042579200817272067,0.00043663339456543324
0.99,10.0,0.5,0.5,generic,1024,0.0006281660171225667,0.0006356659869197756,0.0006577661843039095
0.99,10.0,0.5,0.5,generic,2048,0.0010454999865032732,0.0010603749833535403,0.0010897416155785321
0.99,10.0,0.5,0.5,generic,4096,0.0018549579835962504,0.001858625008026138,0.0019285333983134478
0.99,10.0,0.5,0.1,generic,64,0.010868750017834827,0.011149084020871669,0.01126975801307708
0.99,10.0,0.5,0.1,generic,128,0.011139208014355972,0.011294333991827443,0.011336142005166038
0.99,10.0,0.5,0.1,generic,256,0.011384916986571625,0.011411374987801537,0.01149024980259128
0.99,10.0,0.5,0.1,generic,512,0.011090000014519319,0.01135016602347605,0.011551525391405448
0.99,10.0,0.5,0.1,generic,1024,0.011618042015470564,0.01226041599875316,0.012401566578773782
0.99,10.0,0.5,0.1,generic,2048,0.01335337501950562,0.013488041993696243,0.013598533591721206
0.99,10.0,0.5,0.1,generic,4096,0.015761374990688637,0.01582804200006649,0.01591999179800041
0.99,8.0,0.3,1.0,eccentric-equatorial,64,2.6291992980986834e-05,2.649999805726111e-05,2.7300004148855805e-05
0.99,8.0,0.3,1.0,eccentric-equatorial,128,3.399999695830047e-05,3.416600520722568e-05,3.461640444584191e-05
0.99,8.0,0.3,1.0,eccentric-equatorial,256,4.966699634678662e-05,4.991699825040996e-05,5.209200317040086e-05
0.99,8.0,0.3,1.0,eccentric-equatorial,512,8.2874990766868e-05,8.304102811962366e-05,8.611639495939017e-05
0.99,8.0,0.3,1.0,eccentric-equatorial,1024,0.00014729201211594045,0.00014783398364670575,0.00016102459630928934
0.99,8.0,0.3,1.0,eccentric-equatorial,2048,0.00029650001670233905,0.0002993340021930635,0.0003238081990275532
0.99,8.0,0.3,1.0,eccentric-equatorial,4096,0.0005670830141752958,0.0005793749878648669,0.0005847833992447705
0.99,8.0,0.3,0.5,generic,64,0.00023779200273565948,0.0002461250114720315,0.00027264138334430753
0.99,8.0,0.3,0.5,generic,128,0.00023741598124615848,0.00023779197363182902,0.00024615800939500334
0.99,8.0,0.3,0.5,generic,256,0.00029749999521300197,0.0002988339983858168,0.0003104420087765902
0.99,8.0,0.3,0.5,generic,512,0.0003845419851131737,0.0003900419978890568,0.00042049199691973627
0.99,8.0,0.3,0.5,generic,1024,0.0005562080186791718,0.0005668749799951911,0.0005687833938281984
0.99,8.0,0.3,0.5,generic,2048,0.0009053749963641167,0.0009227499831467867,0.0009355336136650294
0.99,8.0,0.3,0.5,generic,4096,0.001593749999301508,0.001596916001290083,0.0016459247912280262
0.99,8.0,0.3,0.1,generic,64,0.014405415975488722,0.014491375011857599,0.014570283191278576
0.99,8.0,0.3,0.1,generic,128,0.014039000001503155,0.014530457992805168,0.01472400818602182
0.99,8.0,0.3,0.1,generic,256,0.014544749981723726,0.01477054099086672,0.014874683995731174
0.99,8.0,0.3,0.1,generic,512,0.01508291598292999,0.016154457989614457,0.01661139999050647
0.99,8.0,0.3,0.1,generic,1024,0.015926583000691608,0.015970500011462718,0.01628214200027287
0.99,8.0,0.3,0.1,generic,2048,0.016648874996462837,0.017755999986547977,0.01826763359713368
0.99,8.0,0.3,0.1,generic,4096,0.019047790992772207,0.01936895799008198,0.019702200015308334
