l,m,a,one_minus_a,omega,s,nsamples,status,min,median,p90
30,-8,0.7848199418147317,0.21518005818526836,2.6740090253800544,-2,256,ok,0.0015018749982118607,0.0015369579996331595,0.0016352831968106329
28,10,0.734691332060094,0.26530866793990604,3.560847565951015,-2,256,ok,0.0018712500022957101,0.0018825830047717318,0.0018977585976244881
31,-27,0.839539168772883,0.160460831227117,0.5368039066727093,-2,256,ok,0.0013295419994392432,0.0013427919984678738,0.0013572081967140547
25,16,0.6837260867477944,0.31627391325220555,0.2685679792473107,-2,256,ok,0.0008937500024330802,0.0009769169992068782,0.000979866599664092
22,-6,0.9573688552636777,0.04263114473632237,1.6537881910791987,-2,256,ok,0.001230250003573019,0.0012340829998720437,0.0012597751963767223
25,4,0.7027239141912074,0.29727608580879267,2.810351237297563,-2,256,ok,0.0015940829980536364,0.001600375006091781,0.0016372418016544544
43,-15,0.9522011449060075,0.047798855093992496,2.8450809086161706,-2,256,ok,0.0020143750007264316,0.0020319579998613335,0.002043575000425335
28,1,0.9871907183695692,0.012809281630430873,3.2878941753714646,-2,256,ok,0.0020396670006448403,0.0020626249970518984,0.0021024165995186194
42,9,0.9672734471237314,0.03272655287626852,0.06427640776375837,-2,256,ok,0.001902791002066806,0.0019186670033377595,0.0019348164001712575
2,1,0.8822084887150704,0.11779151128492957,3.6498511152309763,-2,256,ok,0.000978499992925208,0.0009817080062930472,0.0009929413979989476
23,-21,0.19317902119554597,0.806820978804454,0.8634221800738567,-2,256,ok,0.00077616600174224,0.000790916004916653,0.000795008402201347
8,-8,0.9752638750283956,0.02473612497160435,1.0699278971587858,-2,256,ok,0.0008795829999144189,0.000883624998095911,0.0009064502010005526
46,42,0.8365777750361428,0.16342222496385717,0.5337068842615902,-2,256,ok,0.0019296249956823885,0.0019425420032348484,0.001946833600231912
26,21,0.47951766448444155,0.5204823355155584,2.206250607783098,-2,256,ok,0.0012954159974469803,0.0012993330019526184,0.0013187248012400232
35,4,0.5703716862254242,0.42962831377457583,1.7482806625365535,-2,256,ok,0.0013759590001427568,0.001378166998620145,0.0013890498026739805
23,-12,0.6734061177280377,0.32659388227196223,2.7857442068293925,-2,256,ok,0.001487790999817662,0.0014884999982314184,0.0015012834046501666
11,4,0.9841742288515194,0.015825771148480598,2.087058128337245,-2,256,ok,0.001294624998990912,0.0013040420017205179,0.0013133170010405592
17,-14,0.9681357371122494,0.03186426288775054,4.5967265100845305,-2,256,ok,0.001674125000135973,0.0016906669989111833,0.0017771582017303445
42,19,0.9393425029251639,0.06065749707483609,1.0119652691693795,-2,256,ok,0.0018723749963101,0.0018813749993569218,0.0019143168028676882
33,-23,0.9763464387935277,0.023653561206472346,3.5162764111270333,-2,256,ok,0.0023197079935926013,0.0023297500010812655,0.002376249998633284
46,20,0.6223279406304902,0.3776720593695097,0.46428600117790536,-2,256,ok,0.0017605829998501576,0.0017904589985846542,0.0018132328012143261
19,2,0.9811001271364068,0.018899872863593233,4.621894829110648,-2,256,ok,0.0023894999976619147,0.002457375005178619,0.0024796583980787545
42,-27,0.9090928476543071,0.0909071523456929,4.5368923858837436,-2,256,ok,0.0024758750005275942,0.002515457999834325,0.002671633200952783
17,-5,0.16726033211669178,0.8327396678833082,2.2993802263868197,-2,256,ok,0.0012508750005508773,0.0012615419982466847,0.001292208002996631
5,2,0.9894522098759754,0.010547790124024592,3.7397097944748334,-2,256,ok,0.0012003339943476021,0.0012122080006520264,0.0012561920011648908
26,-1,0.9879880418883049,0.01201195811169507,1.0638873285013333,-2,256,ok,0.0011939169999095611,0.0011963750002905726,0.0012186580002889968
29,22,0.9312342606910028,0.06876573930899724,3.202014804470746,-2,256,ok,0.0019411670000408776,0.0019547909978427924,0.0019755582019570284
43,15,0.8802963556019596,0.11970364439804043,1.8550910135141911,-2,256,ok,0.0018566660000942647,0.0018725420013652183,0.0019115832037641667
46,14,0.8950676242452296,0.10493237575477043,2.8085491401259777,-2,256,ok,0.002036374993622303,0.002050625000265427,0.002063049598655198
37,26,0.9808759270891549,0.019124072910845075,0.0604996587287283,-2,256,ok,0.002232166996691376,0.0022452910052379593,0.00226175840216456
7,0,0.5635908867605157,0.4364091132394843,4.533200578778893,-2,256,ok,0.0011159580026287585,0.0011212080062250607,0.0011625501967500896
12,0,0.47545800108607483,0.5245419989139252,2.2936140147525896,-2,256,ok,0.0011696669971570373,0.0011720420006895438,0.0011819419989478775
30,-7,0.1031291034614712,0.8968708965385288,0.5373851802006887,-2,256,ok,0.000990458000160288,0.0010016669984906912,0.0010059672029456123
42,-39,0.7678987885063968,0.23210121149360313,1.5451736296135858,-2,256,ok,0.0017256249993806705,0.0017351659989799373,0.0017639079989749007
45,10,0.9735929671904818,0.02640703280951812,2.1852884219354363,-2,256,ok,0.0020970830009900965,0.002286875002027955,0.0024022835947107523
3,2,0.957149107696154,0.04285089230384595,0.15056957980399738,-2,256,ok,0.00047033400187501684,0.0004928339985781349,0.0005044496021582745
11,-3,0.5167815925156798,0.4832184074843202,3.764463251144567,-2,256,ok,0.001061916002072394,0.0010765830011223443,0.0011308577988529578
15,15,0.966699900641504,0.03330009935849593,3.3484466739218934,-2,256,ok,0.0018284159959875979,0.0019037910024053417,0.001985133803100325
22,6,0.984591239569216,0.015408760430783998,4.549932869713002,-2,256,ok,0.0024663750009494834,0.0025313340011052787,0.002544049597054254
45,-14,0.6601106886086432,0.33988931139135675,3.0520856775569394,-2,256,ok,0.0018253750022267923,0.0019780410002567805,0.002083349802705925
19,6,0.9886240779888026,0.011375922011197423,0.2874262906597121,-2,256,ok,0.0009405000018887222,0.0009736249994602986,0.0010029413970187306
28,-24,0.9742394342816098,0.025760565718390232,4.197010170109917,-2,256,ok,0.002481458999682218,0.0025178330033668317,0.0025552748018526474
14,13,0.9758298951679371,0.024170104832062975,0.46957314393578886,-2,256,ok,0.0008333749938174151,0.0008467079969705082,0.0009032080022734589
50,28,0.8653533215122379,0.13464667848776216,0.7818881784706115,-2,256,ok,0.001924292002513539,0.0019771669976762496,0.0019918581994716076
8,7,0.9551702603158829,0.04482973968411705,2.08777185290048,-2,256,ok,0.001211541995871812,0.001261292003619019,0.0012942831992404536
6,-3,0.12326486128468983,0.8767351387153102,3.1343284357958523,-2,256,ok,0.0008873339975252748,0.0009351249973406084,0.0009969834020012059
32,20,0.4660546129994,0.5339453870006,3.66859041289007,-2,256,ok,0.0018930830046883784,0.0019326250039739534,0.0019792253995547073
26,-2,0.987710870010719,0.012289129989280946,2.9163814789560227,-2,256,ok,0.0018672079968382604,0.0019001660039066337,0.0019283000016002915
47,33,0.4779221449460087,0.5220778550539913,2.2642861909287695,-2,256,ok,0.0019108749984297901,0.0019413749978411943,0.001971216595848091
43,-23,0.9765168166057915,0.023483183394208546,4.295536731551481,-2,256,ok,0.0027065000031143427,0.0027196669980185106,0.002730725197761785
22,-14,0.976831830275195,0.023168169724804958,2.161988037493102,-2,256,ok,0.0015739169975859113,0.0015909999929135665,0.0016557503986405209
35,-17,0.9894786983103379,0.010521301689662095,0.6317239453759512,-2,256,ok,0.0025116250035353005,0.0025257499946746975,0.0025513000015052966
36,16,0.8714505021380214,0.1285494978619786,4.409334561125334,-2,256,ok,0.0023576250023324974,0.0023662090025027283,0.0024109668025630525
29,-2,0.9694646420582314,0.030535357941768624,0.7764774014513106,-2,256,ok,0.0012166250016889535,0.0012249169958522543,0.0012575833985465578
16,-3,0.6945625727752118,0.3054374272247881,1.0246486961167431,-2,256,ok,0.0008361250002053566,0.0008420839949394576,0.000875249803357292
10,1,0.9666223366186163,0.0333776633813837,3.0654104421233366,-2,256,ok,0.0013128749997122213,0.001331375002337154,0.0013409331964794545
14,-9,0.9593910368132293,0.040608963186770694,0.5068082279442365,-2,256,ok,0.0008251249964814633,0.0008287500022561289,0.0008488089995807968
9,-8,0.5152588388908548,0.4847411611091452,4.0647040467691085,-2,256,ok,0.0012022080045426264,0.0012175419979030266,0.0012542165990453214
37,26,0.9019558774244751,0.09804412257552485,4.936886656894969,-2,256,ok,0.0026562500061118044,0.0026818750047823414,0.002795749997312669
38,-3,0.9491964342568658,0.05080356574313421,2.2233060511896245,-2,256,ok,0.001652582999668084,0.0018095000050379895,0.001832691796880681
36,-15,0.7684015157614001,0.23159848423859988,1.696407501373621,-2,256,ok,0.0015300840022973716,0.0015559579987893812,0.001580674598517362
50,-1,0.9714315492663872,0.02856845073361285,2.3956426321066218,-2,256,ok,0.0025718749966472387,0.002660000005562324,0.002941833602380939
19,10,0.8427860401632665,0.15721395983673347,3.5263337973114504,-2,256,ok,0.0019341250008437783,0.001977250001800712,0.002000308000424411
17,5,0.9892412194902082,0.01075878050979181,4.719564601746583,-2,256,ok,0.0024065830002655275,0.002411457993730437,0.002418475001468323
39,-5,0.6093770078940502,0.39062299210594975,1.15689206483447,-2,256,ok,0.001508334004029166,0.001516958000138402,0.0015189164027106018
4,0,0.38842936156687347,0.6115706384331265,3.941496981897532,-2,256,ok,0.0010126670022145845,0.0010150419984711334,0.001016550199710764
48,35,0.9879262004925944,0.012073799507405558,3.9547944173909575,-2,256,ok,0.0032587499954388477,0.003267499996582046,0.0033314918051473796
31,-20,0.593065652984758,0.406934347015242,4.061668117027992,-2,256,ok,0.002104915998643264,0.0021178329989197664,0.0021675330033758657
39,17,0.7415266130765094,0.25847338692349064,0.1362180730704727,-2,256,ok,0.0016735409953980707,0.0016964579990599304,0.001741258396941703
41,-14,0.8046347037967293,0.19536529620327073,1.584186300705749,-2,256,ok,0.001734375000523869,0.0017659170043771155,0.0018514915995183402
46,-16,0.9816598781351802,0.01834012186481981,4.346631900840426,-2,256,ok,0.0029493330002878793,0.0029815840025548823,0.0031214745991746894
46,-45,0.897332039420333,0.102667960579667,4.84311114104857,-2,256,ok,0.0028480420005507767,0.002882417000364512,0.0029319749985006636
35,-10,0.8045286233010538,0.1954713766989462,1.8248841276051149,-2,256,ok,0.0015018749982118607,0.0015034589960123412,0.0015045417982037178
31,25,0.9799678680873983,0.020032131912601638,4.365345281759628,-2,256,ok,0.0028355829999782145,0.002843916001438629,0.0028465417984989473
12,5,0.5939715161793612,0.40602848382063883,0.518999215279779,-2,256,ok,0.0006066669957363047,0.000607667003350798,0.0006085417990107089
11,6,0.3698144150541911,0.6301855849458089,0.3434541918013566,-2,256,ok,0.0005920830008108169,0.000592792006500531,0.000593641196610406
2,1,0.42754808145227075,0.5724519185477293,0.664825430844149,-2,256,ok,0.0005373750027501956,0.0005375830005505122,0.0005380330010666512
19,14,0.8685727831879819,0.13142721681201805,4.536398339738239,-2,256,ok,0.0023267919968930073,0.0023338329992839135,0.002339283197943587
9,2,0.2815693082413515,0.7184306917586485,3.8434771187708536,-2,256,ok,0.0011783339941757731,0.001186250003229361,0.0012444079970009626
23,16,0.928127513339383,0.07187248666061692,3.0314354809253534,-2,256,ok,0.0017416670016245916,0.0017716250004014,0.0017944250037544407
36,-7,0.22813515067079493,0.7718648493292051,3.2217250214928175,-2,256,ok,0.0018239170021843165,0.0018387500022072345,0.0018791090013110078
32,5,0.2331188496717469,0.7668811503282531,0.9465830250554528,-2,256,ok,0.0011687919977703132,0.001181874999019783,0.0012128164002206177
27,4,0.7040018723022754,0.2959981276977246,2.798983176946169,-2,256,ok,0.001608042002771981,0.0016195830030483194,0.0016268080013105645
16,-1,0.9634170350532354,0.03658296494676458,0.07333788694318431,-2,256,ok,0.000770041995565407,0.0007757080020383,0.0007832668023183941
12,-3,0.4044850222655515,0.5955149777344485,3.3655942239548495,-2,256,ok,0.0012975829959032126,0.0013097080009174533,0.0013472419988829643
10,4,0.9773433081578067,0.02265669184219337,0.7081989143012336,-2,256,ok,0.0007247079993248917,0.000730458996258676,0.0007409999991068617
23,8,0.6704373545354925,0.32956264546450753,4.684751562678494,-2,256,ok,0.0022339580027619377,0.0022767920017940924,0.002348783398338128
40,29,0.5923026067127584,0.40769739328724164,2.5737068497307014,-2,256,ok,0.0016542919984203763,0.0016643749986542389,0.0016798249969724565
16,-9,0.8538361320433798,0.14616386795662015,0.9949815560096156,-2,256,ok,0.0008387500056414865,0.0008457500007352792,0.0008569999990868382
33,21,0.9817631072600651,0.01823689273993489,3.1833507168754216,-2,256,ok,0.0022214170021470636,0.0022389160003513098,0.0022935332017368637
30,-15,0.9478449350740672,0.05215506492593283,0.3453691496264715,-2,256,ok,0.0019221670008846559,0.0019324999957461841,0.001952091399289202
28,-1,0.9799465465758589,0.020053453424141124,3.8980286523821293,-2,256,ok,0.002238832996226847,0.0022448340023402125,0.002278016998025123
43,-30,0.9375582571541244,0.062441742845875586,4.688952743682941,-2,256,ok,0.0026611250068526715,0.002683417005755473,0.002695850199961569
36,-1,0.9395153789506492,0.06048462104935086,2.6089979797512615,-2,256,ok,0.0018117500003427267,0.001818832999560982,0.001837633601098787
29,-28,0.9338416983566504,0.06615830164334957,0.6894182602061983,-2,256,ok,0.0016422920016339049,0.001657542001339607,0.0016653166036121546
47,-4,0.918142098453922,0.08185790154607799,1.1315127258064515,-2,256,ok,0.0019873340061167255,0.0019950420028180815,0.0020157832026598045
19,-6,0.7204474211049561,0.279552578895044,2.6605670947535294,-2,256,ok,0.0014161670042085461,0.0014205830011633225,0.0014301830029580741
23,-10,0.2914322368855826,0.7085677631144174,0.028038838817933273,-2,256,ok,0.0008413339965045452,0.000844000001961831,0.00085009959875606
24,-7,0.8640901652467713,0.13590983475322874,1.1982176014948882,-2,256,ok,0.0010176249998039566,0.0010462080026627518,0.0010656330006895587
15,9,0.9740382831605231,0.025961716839476852,2.244823478031427,-2,256,ok,0.0014044170020497404,0.0014266670041251928,0.001445082800637465
47,-18,0.9805728545475605,0.019427145452439537,3.3409535753498325,-2,256,ok,0.002487707999534905,0.002503250005247537,0.002532374802103732
13,-1,0.9870306354909951,0.012969364509004894,3.5033080511264045,-2,256,ok,0.0015002079962869175,0.0015140840041567571,0.00158720040199114
30,-7,0.000740945960730377,0.9992590540392696,4.479865108582133,-2,256,ok,0.0021340829989640042,0.0021497080015251413,0.0021544999995967372
33,-14,0.628181982529709,0.37181801747029103,0.13154567375570822,-2,256,ok,0.0012025410032947548,0.0012073749967385083,0.0012181581972981804
47,-25,0.9487805531347338,0.051219446865266194,0.5758822735972301,-2,256,ok,0.002819542001816444,0.0028349169951980002,0.002845608197094407
27,2,0.734558642102187,0.2654413578978129,3.0574157581256127,-2,256,ok,0.001719084000797011,0.0017362080034217797,0.001761091397202108
16,-14,0.7938647949081125,0.20613520509188757,3.8295633374578295,-2,256,ok,0.0012821249983971938,0.0013947499974165112,0.0014381417990080082
9,-9,0.287639839869247,0.712360160130753,2.1952988721240496,-2,256,ok,0.0010530830040806904,0.0010562079987721518,0.0010811085987370462
11,2,0.7668730108784676,0.2331269891215324,2.6063023954129636,-2,256,ok,0.0013256669990369119,0.0013428329984890297,0.0013541919965064154
28,-19,0.9148478969250754,0.08515210307492464,2.2968441250033376,-2,256,ok,0.0015312079995055683,0.0015522920002695173,0.0015902338054729626
35,-29,0.4800498803233182,0.5199501196766818,2.3455298025136013,-2,256,ok,0.0014572920044884086,0.0014633329992648214,0.0014810335997026414
45,-21,0.9891852222072005,0.010814777792799461,0.4883065039692306,-2,256,ok,0.0038848749973112717,0.003930874998332001,0.004095357801998034
5,5,0.5925682155866775,0.4074317844133225,0.9946944242287219,-2,256,ok,0.0006444169994210824,0.0006566249940078706,0.000662575000023935
3,2,0.676241294651577,0.32375870534842294,1.111388849087496,-2,256,ok,0.0006902919994900003,0.0006920419982634485,0.0006954085969482548
41,11,0.7412152521062703,0.25878474789372974,1.8015036454253448,-2,256,ok,0.0017118750038207509,0.0017170420032925904,0.0017589335941011087
37,4,0.8947551438898882,0.10524485611011179,2.7889295381884662,-2,256,ok,0.0018651659993338399,0.0018743340042419732,0.0019010159972822293
11,-5,0.9701071005859397,0.029892899414060283,2.4739610564682315,-2,256,ok,0.001375334002659656,0.0013903750004828908,0.0014580338000087067
17,8,0.8135569544745035,0.18644304552549654,1.3843869791705732,-2,256,ok,0.0009800829939194955,0.000986457998806145,0.0009935501992003992
19,14,0.47280963682931576,0.5271903631706842,2.2475711258590936,-2,256,ok,0.0011907919979421422,0.0012493750036810525,0.001284633603063412
21,17,0.9823422237518932,0.01765777624810684,4.770751221891014,-2,256,ok,0.0026162499998463318,0.002644000000145752,0.002670449797005858
48,25,0.42194245323868795,0.578057546761312,4.6154617438665975,-2,256,ok,0.00240499999927124,0.0024613339992356487,0.002605174999916926
25,20,0.9568712999067648,0.043128700093235196,3.7122496984044218,-2,256,ok,0.002167874998121988,0.0022016250004526228,0.002216083198436536
7,5,0.9877354552961293,0.012264544703870707,2.5600319144657,-2,256,ok,0.0014175830001477152,0.0014246249993448146,0.0014680749984108843
3,-2,0.8188818234884035,0.18111817651159645,2.0083930217300647,-2,256,ok,0.0006834999949205667,0.0007207080052467063,0.0007313752037589438
4,1,0.366475202305677,0.633524797694323,4.013840099362795,-2,256,ok,0.0009713750041555613,0.0009826669993344694,0.0009885916049825027
26,18,0.9865759766390905,0.013424023360909585,1.9273521629676664,-2,256,ok,0.0017074160059564747,0.001716334001685027,0.001733857998624444
30,25,0.9317994380350235,0.06820056196497648,2.6833610487029897,-2,256,ok,0.0017952909984160215,0.001806374995794613,0.0018420418025925755
35,4,0.975663967033019,0.02433603296698099,0.10025888955005544,-2,256,ok,0.0014848749997327104,0.0014955829974496737,0.0015071335990796797
22,0,0.7797497714798021,0.220250228520198,4.634742342124744,-2,256,ok,0.0022330830033752136,0.0022458749954239465,0.0022608168015722185
4,0,0.9839340878312924,0.016065912168707515,4.8778003452788745,-2,256,ok,0.0013412499974947423,0.0013468750039464794,0.0013613835981232114
31,-24,0.846482248642321,0.15351775135767895,4.229684040383299,-2,256,ok,0.002144375001080334,0.002149416999600362,0.002161733596585691
22,15,0.9718700711848236,0.02812992881517645,0.28890694487862245,-2,256,ok,0.0010949580027954653,0.00109695900027873,0.0011085750011261553
40,8,0.6889042936365263,0.3110957063634737,2.7220836651730926,-2,256,ok,0.001782333005394321,0.0017908339941641316,0.0018064002026221715
4,-1,0.4821989793513579,0.5178010206486421,1.150464585864291,-2,256,ok,0.000698582996847108,0.000702000004821457,0.0007089587961672805
43,-7,0.9310838885413493,0.06891611145865068,0.034303261604042845,-2,256,ok,0.001879041999927722,0.0018849170010071248,0.0018981750006787478
26,13,0.9317052075018061,0.06829479249819388,4.921487561801089,-2,256,ok,0.0025180000011459924,0.002525874995626509,0.0025699164034449495
36,-32,0.9453707627361393,0.05462923726386073,2.433645459030529,-2,256,ok,0.0018975420025526546,0.0019065410015173256,0.0019229669982451015
45,-42,0.9836174002647354,0.01638259973526462,2.0939324319518224,-2,256,ok,0.0031719999969936907,0.0031851250023464672,0.003196642195689492
42,-27,0.7565410610848007,0.24345893891519932,2.004062704856889,-2,256,ok,0.001779291000275407,0.0017925409993040375,0.0018225834020995535
33,-22,0.9302724127847084,0.06972758721529164,0.39867917392525926,-2,256,ok,0.0017042909967130981,0.0017472079998697154,0.0018297581991646439
30,14,0.7847128532942903,0.21528714670570967,1.7937394254281833,-2,256,ok,0.0013148750003892928,0.0013181249960325658,0.0013284500004374423
20,9,0.3091146744350448,0.6908853255649552,3.691299237284962,-2,256,ok,0.0017499579989816993,0.001759500002663117,0.0017675661976682023
11,8,0.6207366077377638,0.3792633922622361,0.19998514610613302,-2,256,ok,0.0005666249999194406,0.0005676669970853254,0.0005679172012605704
40,30,0.7334884942119548,0.2665115057880452,0.7969851759593755,-2,256,ok,0.0015273750032065436,0.0015603339998051524,0.0015735671971924604
12,-2,0.061082844030799666,0.9389171559692003,4.930200921062623,-2,256,ok,0.0013350839944905601,0.0013419999959296547,0.0013500165994628332
22,-18,0.9763362250142338,0.023663774985766266,1.256691919215892,-2,256,ok,0.0013484169976436533,0.0013643749989569187,0.0013823751985910348
41,16,0.35595010746289335,0.6440498925371066,0.9818708477421976,-2,256,ok,0.0015486659976886585,0.0015662500009057112,0.0016127750001032838
46,0,0.8672883815652841,0.13271161843471593,3.104328936267588,-2,256,ok,0.002076332995784469,0.0020907910002279095,0.002139933599391952
11,4,0.9801097201866842,0.019890279813315766,2.796866120306516,-2,256,ok,0.0015738330039312132,0.0015925830011838116,0.0016905747979762964
23,-22,0.5001353446134164,0.49986465538658365,4.069774829958228,-2,256,ok,0.0018888329941546544,0.0018966249990626238,0.0019301332024042495
41,-18,0.756679121879366,0.2433208781206339,0.8118877937407083,-2,256,ok,0.0015693750028731301,0.0015862500004004687,0.001625808396784123
23,-11,0.8535661954122402,0.14643380458775984,3.5114327011255604,-2,256,ok,0.0018117090003215708,0.0018432920041959733,0.0019360082005732693
15,0,0.9892673307828509,0.010732669217149092,0.7919129313930975,-2,256,ok,0.0008235419954871759,0.0008324590016854927,0.0008439000041107648
4,-2,0.9792868545737093,0.02071314542629066,3.980771097637274,-2,256,ok,0.0012867909972555935,0.0012928750002174638,0.0013153667969163507
32,-19,0.912598729122176,0.08740127087782405,0.7411887228482177,-2,256,ok,0.001719166997645516,0.0017397499977960251,0.0017587915994226933
35,5,0.43345791229161257,0.5665420877083874,4.285924088825763,-2,256,ok,0.0022041659976821393,0.002231291997304652,0.002254234001156874
4,0,0.9855936980104332,0.014406301989566857,2.1417217900223844,-2,256,ok,0.0008059169995249249,0.0008087499954854138,0.0008277747998363339
38,-24,0.7747883948613836,0.2252116051386164,1.0631935493453892,-2,256,ok,0.001436459002434276,0.0014430419978452846,0.0014627329990617
49,0,0.9010619640226902,0.09893803597730974,3.1760817840573234,-2,256,ok,0.0021850420016562566,0.002221874994575046,0.002272416598862037
36,26,0.10596238083425003,0.89403761916575,1.7407668694491472,-2,256,ok,0.0012607090029632673,0.0012772909976774827,0.0012848916012444533
8,7,0.8720384008671913,0.1279615991328087,2.9495234918396473,-2,256,ok,0.0014400000000023283,0.001444583002012223,0.0014590000006137415
34,-17,0.3533564164933577,0.6466435835066423,4.768225915037252,-2,256,ok,0.0021415000010165386,0.0022622920005233027,0.002456567196350079
38,-4,0.9452882824031694,0.05471171759683061,2.8492260517742904,-2,256,ok,0.0019485410011839122,0.0019664170031319372,0.0019764833996305242
16,-7,0.8222656914233823,0.17773430857661762,2.1533983677984754,-2,256,ok,0.0012338329979684204,0.001242166996235028,0.0012544995988719165
20,-17,0.9752571195467616,0.0247428804532384,4.02301939582061,-2,256,ok,0.0020041249954374507,0.002011541997489985,0.002041050400293898
35,-34,0.886080442215093,0.11391955778490709,0.6108911161445344,-2,256,ok,0.0017761250055627897,0.0017806250034482218,0.0018023081967839972
15,-1,0.15934022114428736,0.8406597788557126,4.062241577767358,-2,256,ok,0.0013476669992087409,0.0013650829932885244,0.0013888081986806356
4,1,0.9350027858011403,0.06499721419885979,1.6812752719379738,-2,256,ok,0.0009296669959439896,0.0009324580023530871,0.0009454830011236482
28,7,0.9675886617636912,0.03241133823630879,0.07933979335529476,-2,256,ok,0.0012782909980160184,0.00128966700140154,0.0013062169979093595
13,13,0.9131279320516539,0.08687206794834616,3.9037603404205843,-2,256,ok,0.001896458001283463,0.001912167004775256,0.0019196166002075187
43,24,0.9886642386093691,0.0113357613906309,4.850807144244286,-2,256,ok,0.003106666001258418,0.003125749994069338,0.0031419168022694065
18,-11,0.9389793717728794,0.061020628227120566,4.757067006025811,-2,256,ok,0.0015284170003724284,0.0015554579949821346,0.0015647584019461646
15,5,0.33572158089923065,0.6642784191007693,4.423821272649204,-2,256,ok,0.0012889580029877834,0.0012932909958180971,0.0013002000021515414
3,1,0.871314529613404,0.12868547038659597,2.4890239388252415,-2,256,ok,0.0008467500010738149,0.0008513749999110587,0.0008569587982492522
6,0,0.6919154912840216,0.30808450871597837,2.82636339317543,-2,256,ok,0.0009394590015290305,0.0009452079975744709,0.0009538248006720096
9,-6,0.550303096721199,0.44969690327880096,2.0946498067339254,-2,256,ok,0.0010692080031731166,0.0010745840045274235,0.0010834080007043668
42,-18,0.9548215157411717,0.04517848425882833,1.9988783657692313,-2,256,ok,0.0020422919988050126,0.0020526659936876968,0.0020630501967389137
15,-2,0.43314002035536114,0.5668599796446389,3.832567842021893,-2,256,ok,0.00144824999733828,0.0014730420007253997,0.0015131913984077982
20,7,0.9533321481971418,0.046667851802858124,1.45746089417702,-2,256,ok,0.0010742500016931444,0.001079124995158054,0.001155408397607971
24,-19,0.8400727166315627,0.15992728336843734,0.3821002043772177,-2,256,ok,0.00101833300141152,0.001081207999959588,0.0010995665987138636
12,-7,0.9481181373958467,0.05188186260415329,3.165034924340149,-2,256,ok,0.00122900000133086,0.0012449589994503185,0.0012577496017911471
15,-8,0.9897174334517371,0.010282566548262907,1.2173378932874173,-2,256,ok,0.0011587080007302575,0.001174167002318427,0.0011907417996553705
43,-43,0.9745025387001709,0.025497461299829088,4.9993153905177055,-2,256,ok,0.00298845799989067,0.0031485420040553436,0.003167191597458441
17,16,0.9893246610826203,0.010675338917379658,1.8921201276923372,-2,256,ok,0.0015347910011769272,0.0015405840022140183,0.0016145583998877556
13,-2,0.9885892839776294,0.011410716022370666,1.6289443023753094,-2,256,ok,0.0011352080036886036,0.0011937499948544428,0.0012232754015712999
42,35,0.7520914082607077,0.24790859173929222,1.5045444139334077,-2,256,ok,0.0016111660006572492,0.0016273329965770245,0.0016747084009693936
24,8,0.9531694570450645,0.04683054295493553,0.7537706875509429,-2,256,ok,0.001010667001537513,0.0010145830019610003,0.001071408398274798
18,-11,0.9871263349000767,0.012873665099923258,3.4331300290010742,-2,256,ok,0.0021054590033600107,0.0021256669933791272,0.0021663497973349877
33,-11,0.3932478353235499,0.6067521646764501,3.0492557748211437,-2,256,ok,0.0016954579987213947,0.001701666995359119,0.0017129086001659744
38,32,0.9836170725073423,0.016382927492657726,0.9357685549625968,-2,256,ok,0.0022621249954681844,0.0022816659984528087,0.00232092499936698
34,-17,0.43905842276689233,0.5609415772331077,1.8603511267038457,-2,256,ok,0.0013006250010221265,0.0013066669998806901,0.0013164002026314846
33,-7,0.9214575612208016,0.07854243877919846,4.318034650117943,-2,256,ok,0.002136333001544699,0.00220604200148955,0.0024575166011345574
12,12,0.874668534877126,0.12533146512287396,0.8668558018569661,-2,256,ok,0.000751666993892286,0.0007777080027153715,0.0007991254009539261
47,-23,0.9894313989808823,0.010568601019117772,1.008142061834876,-2,256,ok,0.004324209003243595,0.004351916999439709,0.004382782800530549
42,7,0.903335948806426,0.09666405119357405,1.6703689462882378,-2,256,ok,0.0018768750014714897,0.0019084579980699345,0.0019691499997861683
9,2,0.8502944605899567,0.14970553941004322,0.9585062566532353,-2,256,ok,0.0007387080040643923,0.0007404589996440336,0.0007532915988122113
6,-4,0.9880578401241875,0.011942159875812467,0.9308526062699891,-2,256,ok,0.0007705000025453046,0.000789625002653338,0.0008548252008040436
20,11,0.4346216200741192,0.5653783799258808,3.356230606493613,-2,256,ok,0.0017586670001037419,0.0018118750012945384,0.001818000197818037
29,-29,0.4865655002861382,0.5134344997138618,4.221071339336983,-2,256,ok,0.0020913330008625053,0.0021451659995364025,0.0022267916006967424
14,-14,0.029780565455702845,0.9702194345442972,4.274788251979827,-2,256,ok,0.0012408330003381707,0.001254583999980241,0.0012807832041289656
49,23,0.9825159110650912,0.01748408893490885,4.478494177533289,-2,256,ok,0.003229791997000575,0.003244125000492204,0.0032894582007429564
29,-19,0.8613994160639256,0.1386005839360744,4.828350341463107,-2,256,ok,0.002469374994689133,0.0025093750009546056,0.0025238171976525335
19,6,0.9893520885572756,0.01064791144272432,2.7025519424182844,-2,256,ok,0.0017568340044817887,0.0018348750018049031,0.0019071083966991863
3,3,0.9026497067701995,0.09735029322980054,1.9844463722537447,-2,256,ok,0.0007882499994593672,0.0008395000040763989,0.0008484750025672839
9,-4,0.8820287728989675,0.11797122710103251,0.11421856093111381,-2,256,ok,0.0005659579983330332,0.000578207997023128,0.0006108582019805908
36,-22,0.6926013042293548,0.3073986957706452,4.054790914598038,-2,256,ok,0.002151332999346778,0.0022592909954255447,0.0023208748025354
22,-21,0.9200189907630756,0.07998100923692443,1.8797683196823878,-2,256,ok,0.0013987080019433051,0.0014103749999776483,0.0014503165992209687
26,-7,0.6994444703962368,0.3005555296037632,2.462181333092289,-2,256,ok,0.0015242919980664738,0.0015365409999503754,0.0015684414000133983
43,-39,0.94283711135119,0.05716288864881,0.27369216018785597,-2,256,ok,0.002904458000557497,0.002913124997576233,0.002938624800299294
16,-13,0.6572979610628134,0.3427020389371867,1.183478193598187,-2,256,ok,0.0008909579992177896,0.0008993750016088597,0.0009182502020848915
19,-17,0.9857540228058277,0.014245977194172277,3.0025328867195173,-2,256,ok,0.002241916001366917,0.002258084001368843,0.002312800395884551
8,5,0.2821060381402305,0.7178939618597695,0.06594534277810925,-2,256,ok,0.0005212089963606559,0.0005227919973549433,0.0005350910025299527
19,14,0.9710499945953481,0.028950005404651827,2.0202662096357966,-2,256,ok,0.0014903749979566783,0.0015414160006912425,0.0015920415971777402
33,-20,0.08553812997822341,0.9144618700217766,3.828198919281463,-2,256,ok,0.0019752919979509898,0.001991707998968195,0.0020163917986792514
50,7,0.8672539937489819,0.13274600625101807,2.719621259770472,-2,256,ok,0.0024686670003575273,0.00247783400118351,0.0025390668044565244
4,-4,0.6498111629986101,0.35018883700139,3.1353795320522666,-2,256,ok,0.0009695830012788065,0.000999500000034459,0.0010208586012595334
8,1,0.9107316799510509,0.08926832004894909,0.9620375800462957,-2,256,ok,0.0007634579960722476,0.0007665000011911616,0.0007717421991401352
7,6,0.9218630564167322,0.07813694358326788,3.397990619290172,-2,256,ok,0.0011333750007906929,0.001144166999438312,0.001163242000620812
26,-24,0.9827179586860626,0.017282041313937367,1.6279894229148506,-2,256,ok,0.0021062079977127723,0.002127792002283968,0.0021831829988514075
31,28,0.9891235174267421,0.010876482573257877,3.5000098585262114,-2,256,ok,0.0027102500025648624,0.0027232080028625205,0.0028140661961515434
31,31,0.9099353160973809,0.09006468390261914,0.6543147122485625,-2,256,ok,0.0013277499965624884,0.0013409579987637699,0.001357775401265826
24,18,0.8275958714912249,0.17240412850877507,0.707918063547766,-2,256,ok,0.0009175419982057065,0.0009284170009777881,0.0009437671993509867
33,15,0.6318884159055538,0.3681115840944462,0.1712704709624979,-2,256,ok,0.0011969170009251684,0.0012828749968321063,0.0013190421974286436
32,-29,0.9422073401504368,0.057792659849563124,0.5644074391103207,-2,256,ok,0.0026456659979885444,0.0026722089969553053,0.002704191602242645
9,8,0.45705540592959926,0.5429445940704007,4.9135061059334815,-2,256,ok,0.0012636249957722612,0.0012658750056289136,0.0012792415989679284
45,-9,0.9830106164130551,0.016989383586944882,1.6817844814358407,-2,256,ok,0.0021855420054635033,0.002190792001783848,0.0022473000033642167
8,0,0.6222152673187253,0.3777847326812747,1.0869881959265908,-2,256,ok,0.0007059999988996424,0.0007090420040185563,0.0007146329968236387
4,3,0.9704549860451972,0.029545013954802826,0.0602785463878939,-2,256,ok,0.0004673750008805655,0.0004686250031227246,0.0004804499985766597
8,-2,0.9656168355478209,0.034383164452179156,1.2776514131441121,-2,256,ok,0.0008703749990672804,0.000873625001986511,0.0008855666004819795
8,4,0.9841544568656645,0.015845543134335473,1.9440744323239922,-2,256,ok,0.0012020829963148572,0.0012093749974155799,0.0012466753978515044
2,-2,0.938929816814748,0.06107018318525203,1.7392755548106973,-2,256,ok,0.0007149590019253083,0.0007814579948899336,0.0008157251970260404
36,-33,0.8809937239589635,0.11900627604103649,1.1648815489754454,-2,256,ok,0.0016497079996042885,0.0016618329973425716,0.0016852247994393111
45,-39,0.9415630687551678,0.05843693124483218,4.8291472588221245,-2,256,ok,0.002775333996396512,0.0027860840054927394,0.0028471082012401895
37,-28,0.4897984801674835,0.5102015198325165,3.654633438334345,-2,256,ok,0.0018931250015157275,0.0019078749974141829,0.0019361500031664038
30,-8,0.9392658551305707,0.06073414486942926,2.5205834130239255,-2,256,ok,0.0016668329990352504,0.0016758330020820722,0.001679850200889632
27,-2,0.8917358484363735,0.1082641515636265,1.7702841690860418,-2,256,ok,0.0013331669979379512,0.0013489170014509,0.0013587912020739169
25,-21,0.5697293082826695,0.4302706917173304,3.7029294165797353,-2,256,ok,0.0017584169982001185,0.0017755000008037314,0.001787549999426119
22,5,0.9889339067071126,0.01106609329288744,0.5696376816484494,-2,256,ok,0.0009793749995878898,0.0009861250000540167,0.0009971084000426345
18,14,0.9105818972705931,0.0894181027294069,0.7182603133950975,-2,256,ok,0.0008429169974988326,0.0008453750051558018,0.00085705879755551
25,-17,0.5025066490570123,0.49749335094298774,4.440924707577003,-2,256,ok,0.002099958001053892,0.0021048339986009523,0.0021166834005271083
21,-5,0.14134060290526973,0.8586593970947303,3.6330766871697997,-2,256,ok,0.0017727090016705915,0.0017809169949032366,0.001788732796558179
2,2,0.9818523354817477,0.018147664518252338,1.3150500866454655,-2,256,ok,0.0007171250035753474,0.0007272910006577149,0.0007362411997746676
5,1,0.9296322051435892,0.07036779485641073,1.6503095884381198,-2,256,ok,0.0009647080005379394,0.0009721669994178228,0.0009806582020246424
41,-32,0.9861990321983318,0.013800967801668224,4.95424426905284,-2,256,ok,0.0032964170022751205,0.0033194159987033345,0.0033946579991606996
49,-30,0.7218103912258007,0.27818960877419924,4.3118873465834735,-2,256,ok,0.0023383329971693456,0.002351082999666687,0.002393100000335835
7,-1,0.8651346811522296,0.13486531884777048,0.8948590974791829,-2,256,ok,0.0006740829994669184,0.000676582996675279,0.0006920498024555854
42,-37,0.9889272761001664,0.011072723899833617,2.778482055861307,-2,256,ok,0.0030925829996704124,0.0032047920030890964,0.003333549997478258
36,6,0.5512983293995919,0.4487016706004081,3.4860242717902956,-2,256,ok,0.0019437919982010499,0.001949999998032581,0.0019561250010156073
25,21,0.9896679622642022,0.010332037735797857,3.6628369651747783,-2,256,ok,0.002425625003525056,0.002434292000543792,0.0024524085980374365
16,1,0.8021220164087186,0.19787798359128142,2.1656010609268255,-2,256,ok,0.0012745409985654987,0.001279416996112559,0.0012963337998371572
18,-7,0.9768066559770646,0.023193344022935335,3.9227134237593684,-2,256,ok,0.0018615410008351319,0.001868291998107452,0.0019166419981047512
12,5,0.9568174653321264,0.04318253466787358,4.055181933710461,-2,256,ok,0.0014454589982051402,0.0014537500028382055,0.0015156417968682945
41,15,0.9827045429816725,0.017295457018327437,0.3063471602637321,-2,256,ok,0.0019521249996614642,0.0019631250033853576,0.0020141916029388085
47,-13,0.4382400532005658,0.5617599467994342,3.922770863356297,-2,256,ok,0.0022355420005624183,0.0022508330002892762,0.0022780252009397374
16,-3,0.9695518980672887,0.030448101932711268,3.0927882461121383,-2,256,ok,0.0017006249981932342,0.0017103339996538125,0.0017313500007730908
5,0,0.6873460244265704,0.31265397557342955,0.03048235199692158,-2,256,ok,0.0004220420014462434,0.0004226669989293441,0.00042754999885801225
23,-13,0.9851014776830811,0.014898522316918867,1.2030601287504585,-2,256,ok,0.0014312910061562434,0.0014415419936995022,0.0014861002026009373
44,-19,0.8435544494684369,0.15644555053156306,3.557003305037161,-2,256,ok,0.0021198750037001446,0.0021344170017982833,0.0021461746015120297
34,-12,0.012941922284082974,0.987058077715917,0.7753922601922898,-2,256,ok,0.0011186249976162799,0.0011415420012781397,0.0011732830040273258
19,-4,0.35474146586699307,0.6452585341330069,0.44423459636581,-2,256,ok,0.0006802499992772937,0.0006834999949205667,0.0007043250021524728
16,-4,0.981189870555294,0.018810129444705927,0.7922175562674943,-2,256,ok,0.0008530409977538511,0.0008590830038883723,0.0008715164018212818
5,-4,0.904856660416282,0.09514333958371803,3.5711215153753724,-2,256,ok,0.0011295420044916682,0.0011457500004325993,0.0011554667973541655
7,7,0.8404380996068059,0.15956190039319404,0.5130250930740133,-2,256,ok,0.000531333003891632,0.0005348749982658774,0.000546383399341721
45,2,0.9442546755496778,0.055745324450322195,3.3233611874199376,-2,256,ok,0.002263334004965145,0.002282790999743156,0.0022945748016354626
15,-6,0.6072048478336225,0.39279515216637745,0.19140100793564382,-2,256,ok,0.0006443750025937334,0.0006460829972638749,0.0006652497962932102
30,12,0.9772088169137013,0.02279118308629872,2.303334289261858,-2,256,ok,0.001723624998703599,0.001738416998705361,0.001743257798079867
47,-31,0.5428546253355883,0.45714537466441174,1.4880076445427102,-2,256,ok,0.0016114169993670657,0.001618458998564165,0.001633608002157416
21,18,0.39722572064094486,0.6027742793590551,1.7584316300546974,-2,256,ok,0.0010827090009115636,0.0010920830027316697,0.0011070668027969078
41,-25,0.9824820914877173,0.01751790851228272,0.8343281025090882,-2,256,ok,0.002848333999281749,0.002860500004317146,0.0028770578021067193
25,-4,0.9602416110106352,0.0397583889893648,0.18170658910676005,-2,256,ok,0.0010128750000149012,0.0010157910000998527,0.0010298246023012325
35,-22,0.8602872592121327,0.1397127407878673,3.7341454546063626,-2,256,ok,0.002027750000706874,0.002043916996626649,0.0020916582012432627
38,-20,0.977842821280439,0.022157178719560976,2.9521053151074175,-2,256,ok,0.0021437920004245825,0.0021609579998767003,0.0022551003974513152
12,-11,0.9882724923439026,0.011727507656097471,0.9491609502252782,-2,256,ok,0.001215083000715822,0.0012202079960843548,0.0012315995976678097
7,4,0.8973351527993554,0.10266484720064467,2.110300851029477,-2,256,ok,0.0011430829981691204,0.00114945800305577,0.001165283600857947
39,-37,0.9817787427106675,0.018221257289332587,4.47477823770304,-2,256,ok,0.0030198329986887984,0.003026667000085581,0.0030410667983232996
20,9,0.8048144670777597,0.19518553292224022,0.9001300979762048,-2,256,ok,0.0008721659978618845,0.0008779580020927824,0.0008910421980544925
13,11,0.8267596548603344,0.1732403451396656,3.136425170629546,-2,256,ok,0.0015863329972489737,0.0015897919947747141,0.0016217079988564364
30,-22,0.9025338081370982,0.09746619186290187,0.4987757852503602,-2,256,ok,0.0017118749965447932,0.001719084000797011,0.0017410921995178797
24,23,0.6722440293256672,0.3277559706743328,4.9004080250818145,-2,256,ok,0.0022922079951968044,0.0023268329969141632,0.002374233803129755
7,-4,0.9771080960025363,0.022891903997463707,1.7749309001779572,-2,256,ok,0.0010977499987347983,0.0011142079965793528,0.001123916800133884
47,19,0.9408649637975588,0.05913503620244121,3.8049667614972495,-2,256,ok,0.0024698330016690306,0.0025112090006587096,0.0026597835996653883
44,-21,0.758328176342647,0.24167182365735299,2.7511723590477395,-2,256,ok,0.001804375002393499,0.0018245829996885732,0.0018585417958092876
16,11,0.7305845549291237,0.2694154450708764,0.3818335179979954,-2,256,ok,0.0007022080026217736,0.0007077090049278922,0.000739024997164961
2,1,0.45010580400106004,0.54989419599894,1.5790782002586656,-2,256,ok,0.0006872499943710864,0.0006919579973327927,0.0007101417970261537
5,-2,0.9039218522006208,0.09607814779937922,2.4518699913289588,-2,256,ok,0.0008621669985586777,0.0008736249947105534,0.000879216800967697
22,0,0.7496227556789128,0.2503772443210872,0.1035637298462217,-2,256,ok,0.0008065840011113323,0.0008089590046438389,0.000830791199405212
50,-23,0.5633669198731279,0.436633080126872,2.478950217865057,-2,256,ok,0.0020396250038174912,0.0020593749941326678,0.0020662499984609893
50,30,0.9878114904424122,0.012188509557587792,4.644929959975355,-2,256,ok,0.0033430409966968,0.003373416999238543,0.003404659002262633
27,7,0.9839400457423976,0.01605995425760245,3.1811690699065847,-2,256,ok,0.002015582998865284,0.0020714999991469085,0.0021020500003942288
38,4,0.3876079200350141,0.6123920799649859,0.7664311483252451,-2,256,ok,0.0015072080059326254,0.0015529580050497316,0.0015828917967155576
40,32,0.980320154397782,0.019679845602218044,2.3836905819444576,-2,256,ok,0.0022955419990466908,0.0023392079965560697,0.0023486919977585784
16,11,0.9413161311084041,0.058683868891595894,0.6686823918873348,-2,256,ok,0.0008200840020435862,0.0008454170019831508,0.000852574800956063
6,1,0.40364731759333006,0.5963526824066699,3.5614477065020407,-2,256,ok,0.0009871669972199015,0.000999582996882964,0.0010219585979939438
4,0,0.930522696316546,0.06947730368345398,1.5317962214808045,-2,256,ok,0.0007921249998616986,0.0007989590012584813,0.0008369248011149466
50,-19,0.9859563138977673,0.014043686102232694,4.029005228416241,-2,256,ok,0.0028540420025819913,0.0028732089995173737,0.0028869081957964226
10,-8,0.38783614986731907,0.6121638501326809,3.8846300851388165,-2,256,ok,0.0011754160004784353,0.001178250000521075,0.0012157081975601614
50,26,0.9448786712745756,0.05512132872542443,3.6642097157683473,-2,256,ok,0.0025202920005540363,0.002530666002712678,0.002564108402293641
14,-10,0.9812552986825714,0.018744701317428537,4.241010697931498,-2,256,ok,0.0015767500008223578,0.0015804590002517216,0.0016040913993492722
20,-17,0.7994577595928374,0.20054224040716265,2.1540468661053565,-2,256,ok,0.0012576250010170043,0.0012617499960470013,0.0012781497978721745
39,19,0.5357473314325865,0.4642526685674135,1.3553215525186304,-2,256,ok,0.0014215000046533532,0.0014972080025472678,0.0015679336007451638
8,4,0.8430765731411526,0.15692342685884741,4.559934519751133,-2,256,ok,0.0012274580003577285,0.0012404169974615797,0.0012473748021875509
22,21,0.9248693809346461,0.07513061906535386,3.3736229948122842,-2,256,ok,0.001866750004410278,0.0018734589975792915,0.0018842166013200768
33,14,0.922148166341135,0.07785183365886508,2.8525658245984857,-2,256,ok,0.0018640830021467991,0.00187358300172491,0.0019265087990788744
11,10,0.49858206768699775,0.5014179323130022,0.36603180237538824,-2,256,ok,0.0005697500018868595,0.0005732919962611049,0.0005971831953502261
42,13,0.9461902022201716,0.05380979777982838,4.250156116569076,-2,256,ok,0.0025330830030725338,0.0025506250021862797,0.002582800399977714
39,36,0.9064783469247176,0.09352165307528236,4.033127056089833,-2,256,ok,0.002375958996708505,0.0024001660058274865,0.002441275000455789
2,-2,0.8258218734571757,0.1741781265428243,3.782858732891561,-2,256,ok,0.0010347080024075694,0.001047124998876825,0.00107037499838043
49,-16,0.9060768543932459,0.09392314560675406,1.9979304792203827,-2,256,ok,0.002077958997688256,0.0020894580011372454,0.0021003336005378515
33,26,0.9781839097205074,0.021816090279492596,0.5740135012289872,-2,256,ok,0.001832832997024525,0.001856375005445443,0.001882183604175225
11,-5,0.9754521594471968,0.024547840552803266,1.0718785473974726,-2,256,ok,0.000862082997628022,0.0008745000013732351,0.0008806163998087869
8,-7,0.8432628618828171,0.15673713811718296,3.5114590082623303,-2,256,ok,0.001100208995922003,0.0011054579954361543,0.0011256500001763925
34,27,0.9688784873233569,0.031121512676643145,1.0667543916910347,-2,256,ok,0.0017002499953377992,0.0017091249974328093,0.0017468083970015869
3,1,0.9850082246434684,0.014991775356531676,3.875106619151049,-2,256,ok,0.0011397080015740357,0.0011452499966253527,0.0011539339975570329
13,5,0.976131715062782,0.023868284937218043,3.3170067998189126,-2,256,ok,0.0017601250001462176,0.00176995899528265,0.0018082748021697626
32,-30,0.9760816466276072,0.023918353372392752,1.316306545724269,-2,256,ok,0.002787375000480097,0.002803083996695932,0.00289980840170756
13,4,0.6652195879079932,0.3347804120920068,1.317970775436902,-2,256,ok,0.0008793750021141022,0.0008913749989005737,0.000900441397971008
11,-8,0.7306390802352069,0.26936091976479315,1.0011007544121404,-2,256,ok,0.0007351250023930334,0.0007397499939543195,0.0007499836006900296
8,-7,0.5246097354375778,0.47539026456242217,0.8894001081717071,-2,256,ok,0.0006386250024661422,0.0006399999983841553,0.0006571835983777419
31,29,0.5130856658045007,0.48691433419549934,4.992649470574858,-2,256,ok,0.0023499580056522973,0.002358833997277543,0.002386691600258928
18,6,0.5043379814647557,0.4956620185352443,3.8944516656110353,-2,256,ok,0.001814708004530985,0.0018248339983983897,0.0018287751969182863
46,-39,0.9819926449182773,0.01800735508172267,0.8111072136078588,-2,256,ok,0.0034347500040894374,0.0034519159962655976,0.0034745495970128102
14,-3,0.25839097854368087,0.7416090214563191,1.3040379367784465,-2,256,ok,0.0008572080041631125,0.0008632919998490252,0.0009179080007015727
45,-25,0.8294553888338645,0.17054461116613553,3.5571240693782697,-2,256,ok,0.0021311250020517036,0.002162500000849832,0.0023087253997800873
34,-16,0.9822358459983315,0.017764154001668545,3.2046538986366464,-2,256,ok,0.0021144580023246817,0.002129584005160723,0.0021409665991086514
50,25,0.8145709079712602,0.18542909202873975,0.3588861802400676,-2,256,ok,0.0021753749970230274,0.0021834579965798184,0.0022015584021573887
17,2,0.5890475461397,0.4109524538603,3.1923911025859923,-2,256,ok,0.0015884160020505078,0.0015985829959390685,0.001625549598247744
15,-2,0.9843335079036699,0.015666492096330035,1.5304977334226326,-2,256,ok,0.00112749999971129,0.001134584003011696,0.0011427337973145767
39,-36,0.7616113179360502,0.23838868206394986,0.9699239182638704,-2,256,ok,0.0015197920001810417,0.0015388749961857684,0.0015939995995722712
35,32,0.9862197739191371,0.013780226080862934,3.7298220417299395,-2,256,ok,0.002672042006452102,0.002681250000023283,0.002846574601426255
10,-6,0.8552382363530028,0.14476176364699722,0.05142253289552908,-2,256,ok,0.0005936250017839484,0.0005967500037513673,0.0006092999989050441
8,-7,0.9676809390108262,0.03231906098917377,1.9057277812115552,-2,256,ok,0.001149083000200335,0.0011573329975362867,0.001165357997524552
15,-14,0.9022380218578772,0.0977619781421229,3.2305046252880985,-2,256,ok,0.0014268340019043535,0.0014286250006989576,0.00144092480186373
31,-8,0.8556784001715867,0.1443215998284133,2.5725562163699247,-2,256,ok,0.0016215830037253909,0.0016350829973816872,0.0016383085981942712
15,11,0.12901970893286507,0.8709802910671349,4.505775442297342,-2,256,ok,0.0012300000016693957,0.0012343749986030161,0.001245782793557737
42,19,0.9750475923493627,0.02495240765063732,4.193634362322514,-2,256,ok,0.002687042004254181,0.0027332079989719205,0.0027781411990872584
39,-29,0.932573914812096,0.067426085187904,2.186433675835248,-2,256,ok,0.0018462500011082739,0.0019107090047327802,0.0019543168018572032
42,-19,0.5650346541445828,0.4349653458554173,4.111179654239123,-2,256,ok,0.002321792002476286,0.0024058339986368082,0.0025081920000957327
34,12,0.9397055158851519,0.060294484114848106,2.4153431868911523,-2,256,ok,0.0018757910002022982,0.0019309999988763593,0.0023383501989883374
11,-11,0.5018552653206667,0.4981447346793333,4.134381197543519,-2,256,ok,0.0011765000017476268,0.0012328330049058422,0.0012650832039071247
48,-16,0.9698004363186958,0.030199563681304182,0.4202868513802112,-2,256,ok,0.002162999997381121,0.0021988330045132898,0.002244775001599919
28,-1,0.37717263059167805,0.622827369408322,2.3128519768143856,-2,256,ok,0.0014192919989000075,0.0015013340016594157,0.0015620418023900128
36,-18,0.7006185047909237,0.29938149520907636,1.890854649318778,-2,256,ok,0.0014040409951121546,0.0014323750001494773,0.0015102334044058807
46,1,0.8464882835359092,0.1535117164640908,2.362299135102166,-2,256,ok,0.002112084002874326,0.0021874589947401546,0.002330766199156642
14,-12,0.8997443625131151,0.10025563748688496,3.347169965148804,-2,256,ok,0.0012841669959016144,0.0012940000015078112,0.0013038665987551213
16,13,0.9585994436817049,0.041400556318295034,2.295248791153113,-2,256,ok,0.001436207996448502,0.0014896249995217659,0.001510524799232371
34,3,0.5466891189702294,0.4533108810297706,1.430738942193816,-2,256,ok,0.0013308330017025582,0.0013652089983224869,0.001380158202664461
28,7,0.8986788821616053,0.10132111783839473,1.6379373725838635,-2,256,ok,0.0013717499969061464,0.0013738339985138737,0.0013871920033125206
36,34,0.9811767609934853,0.018823239006514763,1.89739160540959,-2,256,ok,0.002179875002184417,0.00218341700383462,0.002187392202904448
3,2,0.9784404465374434,0.02155955346255659,2.498545789773161,-2,256,ok,0.000981958000920713,0.0009847080000326969,0.0009939909985405393
46,-19,0.9884357204024576,0.011564279597542347,0.7260124892771161,-2,256,ok,0.0032937500000116415,0.0033055829990189523,0.0033106751972809432
48,-24,0.987870337670809,0.012129662329191004,1.135080977151589,-2,256,ok,0.0035974170023109764,0.0036004590001539327,0.0036276495971833355
33,-15,0.8325105158519006,0.16748948414809933,3.941980024273578,-2,256,ok,0.002187999998568557,0.0021975420022499748,0.002215824600716587
43,-29,0.6941954492964624,0.3058045507035377,3.7213329714351033,-2,256,ok,0.0021334999983082525,0.0021873750010854565,0.002218416401592549
24,-1,0.7857260858150164,0.21427391418498365,3.4967450984570774,-2,256,ok,0.0019583329994929954,0.00204108400066616,0.002078941599756945
33,32,0.8998682866632511,0.10013171333674883,2.4069609192696864,-2,256,ok,0.0017770830017980188,0.0018180830011260696,0.001877108197368216
10,5,0.7877549630766265,0.21224503692337351,4.692734955010921,-2,256,ok,0.0012585410004248843,0.0012911250014440157,0.0013455002001137473
24,-11,0.9403548559102284,0.059645144089771646,2.2551797731225065,-2,256,ok,0.0015195000014500692,0.0015340409954660572,0.0015504501992836595
14,10,0.8072336879054964,0.19276631209450362,2.022459364873829,-2,256,ok,0.001259042001038324,0.0012621249989024363,0.001263165999262128
29,-26,0.9740489873178652,0.025951012682134858,2.9173952663159057,-2,256,ok,0.002213791995018255,0.0022187089998624288,0.002228724602900911
34,-2,0.8594487817500273,0.14055121824997274,2.734333143518232,-2,256,ok,0.001863249999587424,0.0018659590059542097,0.001868700199702289
6,-5,0.9420524354015241,0.05794756459847592,1.3583902504233647,-2,256,ok,0.0009174579972750507,0.0009194169979309663,0.0009195247970637865
42,20,0.8264679261970017,0.17353207380299832,0.40845742204629326,-2,256,ok,0.0017137910035671666,0.0018133749981643632,0.0018284502002643421
14,-11,0.7093251325234674,0.2906748674765326,2.938553228761827,-2,256,ok,0.00139883399970131,0.0014101659980951808,0.0014151589974062517
4,-2,0.9886253186949535,0.011374681305046444,3.6703072734294095,-2,256,ok,0.0012242500015418045,0.0012570830003824085,0.0012806672006263399
3,3,0.6646930447417656,0.33530695525823445,1.62137026879954,-2,256,ok,0.0008022499969229102,0.0008042910048970953,0.0008158416036167182
34,3,0.9593633800848673,0.04063661991513262,1.6777961097685716,-2,256,ok,0.0015121670003281906,0.0015187499957391992,0.0015333832008764148
25,23,0.9322030912806162,0.06779690871938383,4.56326392728944,-2,256,ok,0.0023794170047040097,0.0024466659961035475,0.002470675203949213
10,-3,0.9091681509571642,0.09083184904283585,1.7854131708409455,-2,256,ok,0.0010798329967656173,0.0010855829968932085,0.0011056920047849417
46,-5,0.7144290111068917,0.2855709888931083,0.7439875684406493,-2,256,ok,0.0016954160018940456,0.0017521249974379316,0.0017767003999324515
28,11,0.9839566474100833,0.016043352589916696,3.2639592851363326,-2,256,ok,0.0020757089951075613,0.002093167000566609,0.0021189414052059873
42,8,0.9685458563154754,0.031454143684524614,3.364810973715128,-2,256,ok,0.0022880000033183023,0.0022945840028114617,0.0023150998022174463
28,22,0.9812500924131482,0.01874990758685184,1.7964700859238547,-2,256,ok,0.0016817499999888241,0.001689541997620836,0.0016955417988356203
17,17,0.9288956675311408,0.07110433246885922,4.237857420967884,-2,256,ok,0.0021787920049973764,0.0021974159972160123,0.0022161415938171556
39,14,0.9869872432805172,0.013012756719482791,4.155049991589025,-2,256,ok,0.0026779159961733967,0.002695709001272917,0.0027352666031219995
31,4,0.9843607772295666,0.015639222770433385,3.0255749637582907,-2,256,ok,0.002007417002459988,0.0020166670001344755,0.0020251082052709533
49,29,0.8802871008506606,0.11971289914933933,3.552901261678777,-2,256,ok,0.002334582997718826,0.002369624999118969,0.002621041801467072
11,-3,0.6951401401180117,0.30485985988198827,1.2814435372617905,-2,256,ok,0.000837666004372295,0.0008631250020698644,0.0009164336006506346
28,-11,0.29832804358392606,0.7016719564160739,1.7759044312345817,-2,256,ok,0.0011220829983358271,0.001215958000102546,0.0012795832008123398
37,-3,0.9297894001770747,0.07021059982292535,2.810744228610064,-2,256,ok,0.0018792920018313453,0.0019497089961078018,0.002028242000960745
40,-15,0.9708569533803113,0.029143046619688733,1.2529106606395275,-2,256,ok,0.002169166000385303,0.0023067500005709007,0.002332775399554521
50,-23,0.8324784793490525,0.16752152065094744,1.1491324235034763,-2,256,ok,0.002081582999380771,0.002115666000463534,0.0021400914003606884
26,-18,0.9884558203323737,0.011544179667626319,4.504104249611613,-2,256,ok,0.00280949999432778,0.00284754199674353,0.002863291396351997
48,-29,0.7857722977149267,0.21422770228507326,4.429748782465962,-2,256,ok,0.002388541994150728,0.0024950830047600903,0.0025501331998384557
28,23,0.9769488891693182,0.023051110830681804,2.3696882764117273,-2,256,ok,0.0018013330045505427,0.0018625419979798608,0.0019466252037091182
9,-1,0.9702005269436083,0.029799473056391742,3.2529855347688486,-2,256,ok,0.0011184169998159632,0.001123458001529798,0.001216350200411398
30,-21,0.5285960799525549,0.47140392004744514,0.19182698726484448,-2,256,ok,0.0010710829956224188,0.0011186250048922375,0.001145883198478259
17,-1,0.08618484671916571,0.9138151532808343,2.5940227313056976,-2,256,ok,0.0013643749989569187,0.001378125001792796,0.001463524800783489
46,-35,0.28460691066242405,0.715393089337576,1.418518738573728,-2,256,ok,0.0014848749997327104,0.001526458996522706,0.0016002419972210192
14,12,0.9829340448092228,0.01706595519077724,2.8603824326406166,-2,256,ok,0.0017027089998009615,0.0018133749981643632,0.0018896081979619338
4,-3,0.4964593165376616,0.5035406834623384,3.2149433607705746,-2,256,ok,0.001156250000349246,0.0011941660050069913,0.0012446835986338555
35,33,0.9194045249270426,0.08059547507295736,3.390835760882043,-2,256,ok,0.0021487920021172613,0.0022408750010072254,0.0022496336008771324
44,-11,0.8561800057093008,0.1438199942906993,1.7618799412958606,-2,256,ok,0.001795417003449984,0.001839999997173436,0.0019147915998473763
42,-39,0.9695488357789498,0.030451164221050195,3.6443754739992036,-2,256,ok,0.0027103749962407164,0.0027642499990179203,0.0027903251990210264
45,41,0.8653773446861227,0.1346226553138773,1.8687973617749758,-2,256,ok,0.0019509590056259185,0.001968917000340298,0.002073325397213921
46,18,0.8559528373036311,0.14404716269636889,3.6314268721594054,-2,256,ok,0.002267541000037454,0.002354584001295734,0.002415242200368084
30,-19,0.8808685580193313,0.11913144198066873,3.423799855442249,-2,256,ok,0.0018953749968204647,0.001909999999043066,0.0019504751995555124
29,13,0.9103450516723933,0.08965494832760668,0.9749575743387352,-2,256,ok,0.0011502089982968755,0.0011582919978536665,0.0011659089999739082
17,8,0.8828511911912365,0.11714880880876359,2.6244495514487585,-2,256,ok,0.0014561659991159104,0.0014762089995201677,0.0015368581982329488
23,-18,0.9534937209387231,0.04650627906127696,0.1784575055556045,-2,256,ok,0.0021632079951814376,0.0022444999995059334,0.002282483199087437
28,9,0.9592580569912116,0.04074194300878845,4.825052102010728,-2,256,ok,0.0025826659984886646,0.002598084000055678,0.0026320669989218005
35,-17,0.8833026348252936,0.11669736517470637,2.122553827068178,-2,256,ok,0.0015629170011379756,0.0015895830001682043,0.0016003416021703742
4,-2,0.5957530700557656,0.40424692994423433,1.7954972074569122,-2,256,ok,0.0007710409990977496,0.0007813340052962303,0.0007855670031858608
8,-2,0.9135780715398524,0.08642192846014765,3.328164157420975,-2,256,ok,0.0010440420010127127,0.0010531250009080395,0.0010611084013362414
7,-3,0.9405799438092831,0.05942005619071686,2.9518845229455493,-2,256,ok,0.001042584000970237,0.0010564590047579259,0.001068433397449553
32,-12,0.6394775804968563,0.3605224195031437,2.6067581170638943,-2,256,ok,0.001580709002155345,0.001594166002178099,0.001613149998593144
11,11,0.15634194519623967,0.8436580548037603,3.581414712550268,-2,256,ok,0.001074959000106901,0.0010777499992400408,0.0010821168005350045
19,9,0.9665916641474183,0.033408335852581766,1.9237661375229473,-2,256,ok,0.001337292000243906,0.0013413330016192049,0.0013576667974120938
2,-1,0.9400409748337121,0.05995902516628793,0.8215802445753431,-2,256,ok,0.0006094999989727512,0.0006176660026540048,0.0006238832036615349
46,-25,0.9341217065318704,0.06587829346812961,4.510160727115339,-2,256,ok,0.002596833997813519,0.0026099170063389465,0.0026193413985311055
46,-6,0.9429382553536644,0.0570617446463356,3.2550945829054547,-2,256,ok,0.0022232910050661303,0.002272040997922886,0.0023758919996907935
44,27,0.9500964687788334,0.049903531221166655,0.6453105395010732,-2,256,ok,0.0018753330004983582,0.001879124996776227,0.0019173084016074426
10,-9,0.7939960349928961,0.20600396500710394,2.1743335010986664,-2,256,ok,0.001117125000746455,0.0011221669992664829,0.0011297331962850875
41,-27,0.8386484060027768,0.16135159399722326,1.385974288131703,-2,256,ok,0.0016091249999590218,0.0016280830022878945,0.0016370501994970254
48,-38,0.8350552706573833,0.16494472934261672,1.0242984703319349,-2,256,ok,0.0020217499986756593,0.0020994579972466454,0.002209966602094937
39,11,0.9274903748429398,0.07250962515706019,0.9717468774356727,-2,256,ok,0.0015257499981089495,0.0015358749951701611,0.0015488661985727959
13,-13,0.2774572438808729,0.7225427561191271,0.5744879958981983,-2,256,ok,0.0005719999971915968,0.0005725419978261925,0.0005748417985159904
41,1,0.9801379997378373,0.01986200026216267,0.5103495818147433,-2,256,ok,0.001670958001341205,0.0016881660048966296,0.0017394081995007582
46,-11,0.9550253576456018,0.04497464235439824,3.512082775705318,-2,256,ok,0.0023137079988373443,0.0023610830030520447,0.00242022519960301
19,-18,0.9182608996038641,0.08173910039613581,4.460850317299585,-2,256,ok,0.0016530829961993732,0.0016642920018057339,0.0016709169969544746
12,-4,0.7558242935916357,0.24417570640836428,4.599068021356284,-2,256,ok,0.0012324170020292513,0.00124066600255901,0.001251900200441014
13,1,0.634660645106295,0.3653393548937049,2.8733672418379594,-2,256,ok,0.001484166998125147,0.0014997079997556284,0.001524941403476987
5,-3,0.982484406763844,0.01751559323615607,1.054020027066074,-2,256,ok,0.0007947499980218709,0.0007975419939612038,0.0008057414001086727
19,-12,0.9705601511431802,0.029439848856819842,0.652244984005932,-2,256,ok,0.0011509999967529438,0.0011578749981708825,0.001171333402453456
40,28,0.688015809661606,0.31198419033839403,2.7191336042073977,-2,256,ok,0.0017201669979840517,0.0017260410022572614,0.0017404921993147582
49,33,0.4794690600762337,0.5205309399237663,1.3828335954461697,-2,256,ok,0.0018789169989759102,0.0018964999981108122,0.0019063327985350043
11,-2,0.904921028551058,0.09507897144894199,1.5079145247852976,-2,256,ok,0.0009467909985687584,0.00095629200222902,0.0009766254035639577
37,24,0.9699663671820118,0.03003363281798819,2.3482924929193802,-2,256,ok,0.001938791996508371,0.001946041993505787,0.001955408001958858
4,2,0.9583330869541075,0.041666913045892526,1.4664399775066421,-2,256,ok,0.0008767499966779724,0.0008998339981189929,0.0009338581978227012
17,9,0.9816343715231679,0.018365628476832093,4.936861613555702,-2,256,ok,0.0024598750023869798,0.00247875000059139,0.0024901914002839476
25,8,0.367200852336211,0.632799147663789,2.5688717973963917,-2,256,ok,0.0014376670005731285,0.0014426250054384582,0.001454516597732436
15,13,0.7451491224663072,0.2548508775336929,3.6146787813529753,-2,256,ok,0.001713707999442704,0.0017172079969896004,0.0017341922008199616
32,-30,0.7691730487365303,0.2308269512634697,0.9414757657633989,-2,256,ok,0.0014754590010852553,0.0014839160066912882,0.0015331748014432377
27,-10,0.1800889841862332,0.8199110158137668,2.509667454540463,-2,256,ok,0.0014240840027923696,0.0014287080048234202,0.0014431830029934644
22,21,0.4443244455530304,0.5556755544469696,2.251701140450045,-2,256,ok,0.0012552499974844977,0.001258249998500105,0.0012675411984673702
32,6,0.9420014602745344,0.057998539725465655,4.873732857984705,-2,256,ok,0.0024241249993792735,0.002609750001283828,0.002679741800238844
45,9,0.7105216348707635,0.2894783651292365,3.62333839522558,-2,256,ok,0.0021707089981646277,0.0021860830020159483,0.002206349997140933
23,-19,0.9804962820716595,0.019503717928340495,2.9937843197335487,-2,256,ok,0.0019296250029583462,0.001935125001182314,0.0019600080006057395
32,-2,0.9826808337103634,0.017319166289636576,3.7544252749914433,-2,256,ok,0.0022394170009647496,0.0022570000000996515,0.0022921999960090035
13,2,0.8848280833878628,0.11517191661213716,0.03469642470623403,-2,256,ok,0.000658124998153653,0.0006602089997613803,0.0006763661978766323
34,30,0.9864936229584991,0.013506377041500945,0.6887104723919747,-2,256,ok,0.002005292000831105,0.0020190409995848313,0.00204706659715157
30,28,0.6470477550192832,0.3529522449807168,2.4020680239241523,-2,256,ok,0.0014582090007024817,0.0014675420025014319,0.0014871495965053327
14,-4,0.9895406215072122,0.01045937849278774,0.5958831868082505,-2,256,ok,0.0008980420025181957,0.0009088329970836639,0.0009182998008327558
42,-26,0.8903115668188057,0.1096884331811943,2.411840904252304,-2,256,ok,0.0018362919945502654,0.0018521669990150258,0.001886866398854181
50,0,0.9353015072369282,0.06469849276307182,3.679388049350989,-2,256,ok,0.0022863749982207082,0.00232237499585608,0.00238847520085983
25,-22,0.968744441769332,0.0312555582306679,4.142114087313938,-2,256,ok,0.002378500001213979,0.002391583002463449,0.002410458201484289
23,-2,0.989928039657838,0.010071960342162,4.968437901035107,-2,256,ok,0.002709125001274515,0.0027139159938087687,0.002737949999573175
46,-15,0.24824327780714517,0.7517567221928548,4.349803722471441,-2,256,ok,0.002313832999789156,0.002337584002816584,0.002419858601933811
46,-9,0.6985893618783383,0.3014106381216617,2.232811357459578,-2,256,ok,0.001980833003472071,0.0020842499943682924,0.002129774798231665
42,20,0.3558362857574109,0.6441637142425891,3.4722314133889287,-2,256,ok,0.0019443340061116032,0.0020010000007459894,0.0020128421994741073
40,-23,0.8789177845049131,0.12108221549508687,0.5778997122916699,-2,256,ok,0.001835541996115353,0.0018413750003674068,0.0018626420016516932
26,25,0.9412034328228652,0.058796567177134745,4.495848242991437,-2,256,ok,0.0023893750039860606,0.002417083000182174,0.0024585336010204627
10,5,0.6764656825218136,0.32353431747818634,1.2279991483933057,-2,256,ok,0.0008074170036707073,0.0008755830058362335,0.0008931501972256229
33,29,0.7948547320197886,0.2051452679802114,4.644334135117717,-2,256,ok,0.002340332997846417,0.002357292003580369,0.0023608161995070987
43,8,0.6119742258371781,0.3880257741628219,2.3235670846443517,-2,256,ok,0.0016865000070538372,0.0016926669995882548,0.0017176409994135611
15,15,0.08952141613324438,0.9104785838667556,0.41437442913781475,-2,256,ok,0.0005839170044055209,0.0005859170050825924,0.000614441599464044
19,12,0.9457647647739152,0.05423523522608473,3.4649640809346587,-2,256,ok,0.0017849579962785356,0.0019417910007177852,0.002006333202007227
26,21,0.6524015108759735,0.3475984891240265,2.1573526154773255,-2,256,ok,0.0013132499952916987,0.0013393749977694824,0.0014109165989793838
29,-22,0.9877690691580973,0.012230930841902769,1.4056180870027208,-2,256,ok,0.002212625004176516,0.0022484579967567697,0.0023073166026733815
32,29,0.9380345661214508,0.0619654338785492,1.9883686057378014,-2,256,ok,0.0016612920007901266,0.0016934579980443232,0.001758166801300831
27,-7,0.38929581396911306,0.6107041860308869,0.4709981238265628,-2,256,ok,0.0009038749994942918,0.0009145410003839061,0.0009755168008268811
6,-5,0.47715964986728043,0.5228403501327196,0.7840901983522383,-2,256,ok,0.000592459000472445,0.0006173750007292256,0.0006257586035644635
48,-24,0.9588936483075969,0.04110635169240305,2.469514966947504,-2,256,ok,0.002451250002195593,0.002488000005541835,0.002504408602544572
15,-13,0.976965905674189,0.023034094325811074,3.396651733637281,-2,256,ok,0.0015251250006258488,0.0015602089988533407,0.0015845578003791162
27,1,0.9548718139766045,0.045128186023395474,3.5205571330510006,-2,256,ok,0.0018662919974303804,0.002093333001539577,0.0021653251998941412
29,-11,0.9046543201199171,0.09534567988008287,3.680003698200616,-2,256,ok,0.001987874995393213,0.0020890000014333054,0.002153092202206608
14,1,0.9383193831443302,0.06168061685566981,4.415209427633965,-2,256,ok,0.00141050000092946,0.0015019999991636723,0.001530616202217061
37,20,0.9668111446491416,0.033188855350858366,3.9390903159905832,-2,256,ok,0.002510333993996028,0.0025750419954420067,0.0025890004020766356
17,-7,0.8995842380553256,0.10041576194467433,4.210153529512232,-2,256,ok,0.0015285420013242401,0.0016017499947338365,0.0022807913992437534
44,-43,0.9650281032881116,0.034971896711888384,0.5398815762839995,-2,256,ok,0.004798041998583358,0.004811500002688263,0.004854066802363377
14,6,0.9886888852448011,0.011311114755198814,0.5809840133182342,-2,256,ok,0.0008571250000386499,0.0008596670013503172,0.0008655581987113692
14,3,0.726303492282592,0.273696507717408,0.8018368664056281,-2,256,ok,0.0007664160002605058,0.0007717499975115061,0.0007893999994848855
15,3,0.35986306667790546,0.6401369333220945,4.591149799561805,-2,256,ok,0.0013445830045384355,0.0013532090015360154,0.0013743163988692686
4,3,0.8838726972101555,0.11612730278984452,0.2757381567421768,-2,256,ok,0.0005095829983474687,0.0005161249937373213,0.000526057998649776
43,-36,0.6048566128975459,0.39514338710245417,1.4506786064962471,-2,256,ok,0.001633708001463674,0.0016534999958821572,0.0016617831992334687
42,24,0.7184800166212725,0.2815199833787275,2.5721627360323454,-2,256,ok,0.0018489580033929087,0.001857541996287182,0.001901366996753495
8,4,0.8521698726682128,0.14783012733178724,0.25297185581518455,-2,256,ok,0.0005448750016512349,0.0005517079989658669,0.0005645331970299594
10,-1,0.870303550513228,0.12969644948677198,3.8613493734624953,-2,256,ok,0.0012928330033901148,0.0013287910041981377,0.0013626582018332555
8,-2,0.9107360870453236,0.08926391295467641,3.649936398617216,-2,256,ok,0.0011922909980057739,0.0012164580039097928,0.0012406332025420852
32,-1,0.25868122901858914,0.7413187709814109,2.9879526617767063,-2,256,ok,0.0018144999994547106,0.001872250002634246,0.0018913161984528415
48,0,0.9818206177607839,0.018179382239216165,0.9273886554605058,-2,256,ok,0.0022231250040931627,0.002226666001661215,0.0022308004015940243
3,1,0.5366364869076807,0.4633635130923193,4.48233769782979,-2,256,ok,0.001237042000866495,0.0012384169967845082,0.0012443748040823267
28,19,0.9845061131321582,0.015493886867841845,4.286055142573554,-2,256,ok,0.0027219999974477105,0.0027340419983374886,0.0027397999991080725
33,-15,0.9372401930011319,0.06275980699886807,4.031307412210495,-2,256,ok,0.0023589589982293546,0.002362499995797407,0.0023843664006562904
23,-18,0.9263099226649283,0.07369007733507174,1.337198628339035,-2,256,ok,0.001260416000150144,0.001270625005417969,0.0012931588003993965
48,16,0.8512324381786338,0.1487675618213662,3.377984307561336,-2,256,ok,0.00233387500338722,0.002365334003116004,0.0023943169988342563
28,6,0.9868695992698815,0.013130400730118558,0.8303378299524479,-2,256,ok,0.0013887079985579476,0.0014126250025583431,0.0014467249973677098
41,-31,0.3439945371366905,0.6560054628633095,0.3986891025574228,-2,256,ok,0.001514208001026418,0.001520541998615954,0.0015469498001039028
13,11,0.9149991836671308,0.08500081633286911,3.471012091176794,-2,256,ok,0.0017663329999777488,0.0018002500000875443,0.0018501172002288514
38,-4,0.9583029051966115,0.04169709480338842,2.4473102925701093,-2,256,ok,0.0018141249965992756,0.0018287080019945279,0.0018603248026920483
5,-4,0.8791155480978006,0.12088445190219949,1.3668056806447129,-2,256,ok,0.0008192919995053671,0.0008404589971178211,0.0008878916007233784
37,7,0.9741323344105455,0.025867665589454514,1.9881618107558972,-2,256,ok,0.0017262089968426153,0.0018288330029463395,0.0018556170020019636
23,14,0.960444816575696,0.03955518342430396,0.6056847144595128,-2,256,ok,0.0009957500005839393,0.0010073330049635842,0.001025508195743896
45,-12,0.9763424592421358,0.02365754075786419,1.6769542150445886,-2,256,ok,0.002125209000951145,0.0021744159967056476,0.002326774998800829
19,-9,0.8036559974205579,0.19634400257944204,1.1655868831238527,-2,256,ok,0.0009309169981861487,0.0009389170008944348,0.0009526333989924752
40,21,0.6460681459021619,0.3539318540978381,0.2777959300844731,-2,256,ok,0.0015372500056400895,0.0015490829973714426,0.0015609335983754135
25,6,0.988284967300758,0.011715032699241982,2.7384308411685305,-2,256,ok,0.0018102079993695952,0.0018344589989283122,0.0018756995967123657
4,1,0.6926158122066318,0.3073841877933682,2.9607782228510913,-2,256,ok,0.0010159160010516644,0.001024542005325202,0.0010525583988055588
46,-7,0.6984810791455405,0.3015189208544596,4.799485924542128,-2,256,ok,0.0026013750029960647,0.002622874999360647,0.002648608002346009
29,-7,0.5242089659418755,0.4757910340581245,0.07945111132103835,-2,256,ok,0.0011003330000676215,0.0011267500012763776,0.001195791999634821
5,2,0.7737015515514257,0.22629844844857427,0.9483565691863224,-2,256,ok,0.0006215419998625293,0.0006580000044777989,0.000688691798131913
22,-11,0.9682783364066766,0.03172166359332341,3.793809499537388,-2,256,ok,0.0020642919989768416,0.0021587919982266612,0.0021762328004115263
31,0,0.7603792153215552,0.2396207846784449,2.4464656101445716,-2,256,ok,0.0014732089985045604,0.0015483750030398369,0.0016609749960480257
7,4,0.4500434451503712,0.5499565548496288,0.5220726059747537,-2,256,ok,0.0004682079961639829,0.0005008750013075769,0.0005251999973552302
44,32,0.7247162962373326,0.2752837037626675,3.8166926274973263,-2,256,ok,0.002136124996468425,0.002252792000945192,0.002316041602171026
14,-12,0.28878584767475257,0.7112141523252474,0.4883611082582049,-2,256,ok,0.0005649169979733415,0.0005797909980174154,0.0006205918034538627
11,-8,0.7889552385728092,0.21104476142719078,3.2393086929183887,-2,256,ok,0.0010766249979496934,0.0011199170039617456,0.0011625081970123574
29,18,0.7334809912761304,0.26651900872386963,0.8156806852783935,-2,256,ok,0.0010993329997290857,0.0011350829954608344,0.0011872832008521072
42,42,0.9775852639400104,0.022414736059989587,0.8389706056006805,-2,256,ok,0.002294999998412095,0.002403041005891282,0.0026004585961345583
12,-8,0.5709194510598466,0.42908054894015335,4.177411668705282,-2,256,ok,0.001118583997595124,0.0011227919967495836,0.0012486751977121458
25,13,0.6339884551153614,0.36601154488463866,0.49091397025454153,-2,256,ok,0.000909207999939099,0.0009120419999817386,0.0009644163976190612
18,-17,0.5669236900816506,0.4330763099183495,0.15719910435361506,-2,256,ok,0.0006793749998905696,0.0007124589974409901,0.0007637586022610776
12,12,0.9713301562209135,0.028669843779086518,2.4957426657807726,-2,256,ok,0.0014234999980544671,0.0015320419988711365,0.001571800401143264
27,-14,0.9589051951249901,0.04109480487500993,1.2228032223642238,-2,256,ok,0.0013900829944759607,0.001399209002556745,0.0014683414032333531
2,0,0.17734285659440008,0.8226571434055999,3.2201644368902613,-2,256,ok,0.0007880420016590506,0.0007978330031619407,0.000830025201139506
46,-35,0.7537169335370556,0.24628306646294437,1.7930744354815396,-2,256,ok,0.0017974170041270554,0.001804457999242004,0.0018604336000862531
44,-15,0.8303803338044178,0.16961966619558227,3.3166123571804906,-2,256,ok,0.0020620829964173026,0.002111832996888552,0.0021211836035945454
9,6,0.9311131134146928,0.06888688658530714,0.38512232687180836,-2,256,ok,0.0006110000031185336,0.0006215000030351803,0.0006391500050085597
33,-32,0.9311043281169153,0.0688956718830847,0.11303808892045464,-2,256,ok,0.0015538749939878471,0.0015910419970168732,0.0016213918002904392
42,41,0.952248414146686,0.047751585853313946,1.419731529206113,-2,256,ok,0.0020211250011925586,0.00207070900069084,0.0021256249980069696
29,12,0.8375498081840231,0.1624501918159769,2.600044145099865,-2,256,ok,0.001613959000678733,0.0016433749988209456,0.0016838836032547987
21,-4,0.08957890506827049,0.9104210949317295,4.443072353866749,-2,256,ok,0.0020854999966104515,0.0021070000002509914,0.0021288165982696226
38,12,0.948167124926246,0.05183287507375403,3.4024782233525364,-2,256,ok,0.0021676670003216714,0.0021954999974695966,0.0022673752013361082
35,4,0.9865712938276848,0.013428706172315204,1.9109800377391095,-2,256,ok,0.0016922499999054708,0.0017161669966299087,0.0017614084004890173
50,-21,0.40584881143186646,0.5941511885681335,4.112630434651341,-2,256,ok,0.002179124996473547,0.002321833002497442,0.0024403333984082563
18,-8,0.9267317175650479,0.07326828243495209,2.47758208329479,-2,256,ok,0.0013980420044390485,0.0014372090008691885,0.0014656668005045503
15,5,0.23832522035563752,0.7616747796443625,4.853492191564943,-2,256,ok,0.0012982920015929267,0.0013146669953130186,0.001341816602507606
11,-9,0.9418181505459995,0.05818184945400046,0.5975171199635648,-2,256,ok,0.0007063340017339215,0.0007132920000003651,0.0007328748004510998
9,-2,0.9877537169621812,0.012246283037818785,2.59193832938351,-2,256,ok,0.0012898750064778142,0.0013021249978919514,0.0013096910013700835
44,-13,0.951758539777376,0.048241460222623975,2.9124145849977943,-2,256,ok,0.002081458005704917,0.0020962909984518774,0.002147583405894693
28,-6,0.3550591291532973,0.6449408708467027,3.1948276655463324,-2,256,ok,0.001697959000011906,0.0017090409965021536,0.0017260831984458492
34,25,0.9069244854311853,0.09307551456881466,3.5144160056761637,-2,256,ok,0.0020896669957437553,0.002092750000883825,0.002121583398547955
34,4,0.9870310504569019,0.01296894954309811,2.9895508390305796,-2,256,ok,0.0020761249979841523,0.0020837919946643524,0.0021152161978534425
42,21,0.975149194235982,0.024850805764018012,0.4283608559157707,-2,256,ok,0.0020397080006659962,0.002057333003904205,0.002245700199273415
33,19,0.9391105746792331,0.06088942532076694,1.7511717081101077,-2,256,ok,0.0015255420003086329,0.0015366250008810312,0.0015387578023364767
39,26,0.5310037932373415,0.4689962067626585,2.7005110815812734,-2,256,ok,0.0016622920011286624,0.0016693750003469177,0.0016960662003839388
7,2,0.9896947963406943,0.010305203659305645,1.638525345950115,-2,256,ok,0.0010901659989031032,0.0011565419990802184,0.0012044249990140088
43,-8,0.959224993193788,0.040775006806212044,1.6373132174074616,-2,256,ok,0.002010165997489821,0.0020173339944449253,0.002029975199548062
6,-5,0.9842203873274863,0.015779612672513738,2.383649932176897,-2,256,ok,0.001033542001096066,0.0010402499974588864,0.00109600839932682
34,33,0.7624872834691176,0.23751271653088238,4.184000658327429,-2,256,ok,0.002169749997847248,0.002192542000557296,0.002202974799729418
22,-3,0.5065306364521104,0.4934693635478896,2.8306177191425537,-2,256,ok,0.0015004579981905408,0.0015091669993125834,0.0015286586014553905
19,5,0.9724733742063164,0.027526625793683625,4.663599683673581,-2,256,ok,0.0024316660055774264,0.0029012079976382665,0.00300093339610612
50,-23,0.7658021518005306,0.2341978481994694,1.9189727810680477,-2,256,ok,0.00185070899897255,0.0020844590035267174,0.0022881338009028696
42,-19,0.9595696425988854,0.040430357401114586,1.8904016170376428,-2,256,ok,0.0021627079986501485,0.0021744159967056476,0.002214108599582687
7,0,0.9502701645615826,0.0497298354384174,0.22948238213833996,-2,256,ok,0.0004903750013909303,0.0004947499983245507,0.0005343827986507677
19,7,0.0977099980099917,0.9022900019900083,4.226438447727304,-2,256,ok,0.0019503329967847094,0.0019554590035113506,0.001982208201661706
45,-15,0.6873798742346129,0.31262012576538706,4.173609224705334,-2,256,ok,0.002285959002620075,0.002330458002688829,0.002539833600167185
2,0,0.927269565934034,0.07273043406596597,3.491643237804667,-2,256,ok,0.0009884169994620606,0.0009928330036927946,0.0010346666007535533
7,0,0.5026044021069934,0.4973955978930066,1.992334971033737,-2,256,ok,0.0009934999980032444,0.0009957910006050952,0.0010215338013949804
22,-8,0.20207125706753626,0.7979287429324637,3.733358586760788,-2,256,ok,0.0017797499967855401,0.0017941249971045181,0.001866349796182476
15,12,0.9834532694105942,0.01654673058940579,0.7608654146049458,-2,256,ok,0.0009678749993327074,0.0009835829987423494,0.0010247165977489204
41,-18,0.6983866178517243,0.3016133821482757,3.6677912186538726,-2,256,ok,0.0020713750054710545,0.002131499997631181,0.002159583401225973
11,-1,0.9209464854395966,0.07905351456040348,1.4114045394162005,-2,256,ok,0.0009362920027342625,0.000967583000601735,0.001028058395604603
23,-23,0.2880032796356238,0.7119967203643762,2.7245659942105838,-2,256,ok,0.0014133329968899488,0.0014347079995786771,0.0015260664018569513
50,-49,0.8433989378240134,0.1566010621759866,3.740494008504661,-2,256,ok,0.002292791999934707,0.002344291002373211,0.002367658204457257
34,15,0.9533016465501758,0.04669835344982425,1.1781824699234198,-2,256,ok,0.0015434590022778139,0.0015693750028731301,0.0016190000023925677
25,23,0.9635815704734216,0.036418429526578366,2.8971929638362215,-2,256,ok,0.0018791670008795336,0.001935125001182314,0.0019768750004004686
24,-16,0.11031404724823113,0.8896859527517689,1.0651605058216123,-2,256,ok,0.0008800830037216656,0.0008979159974842332,0.0009138249995885416
5,-5,0.9240460009461848,0.07595399905381521,3.3643395786895165,-2,256,ok,0.001254459006304387,0.001280084004974924,0.001329516999248881
27,25,0.952868420492926,0.04713157950707403,0.7055559748377236,-2,256,ok,0.0013552909949794412,0.0014232500034268014,0.001465074997395277
47,24,0.9294708285925489,0.07052917140745106,1.8227312421132755,-2,256,ok,0.002076165998005308,0.0021158750023460016,0.002159966800536495
9,-2,0.8847281884355471,0.11527181156445288,3.4789357669783523,-2,256,ok,0.001060959002643358,0.001083541996194981,0.0011096829985035583
39,14,0.16033473881096627,0.8396652611890337,3.8582743890820703,-2,256,ok,0.0020567499959724955,0.0020862500023213215,0.002158183400752023
15,2,0.9853145685800309,0.014685431419969135,3.5213247234345344,-2,256,ok,0.0019029160030186176,0.0019372500028111972,0.001976358598039951
25,-1,0.9479303376292971,0.05206966237070284,1.7869792264573672,-2,256,ok,0.0013455419975798577,0.0013704580051125959,0.00141810860222904
37,15,0.9665410540093621,0.033458945990637874,0.16996037114637264,-2,256,ok,0.001754458004143089,0.0018002079959842376,0.0018285167971043848
44,-24,0.3409382656173444,0.6590617343826556,4.473606877218553,-2,256,ok,0.0022868329979246482,0.0023292500045499764,0.0023783750017173587
30,6,0.9847678321792853,0.015232167820714654,3.385635108641694,-2,256,ok,0.0020216249977238476,0.0021518749999813735,0.002179758202692028
5,0,0.1621715052312035,0.8378284947687965,0.2103064419592587,-2,256,ok,0.0003871249937219545,0.000422125005570706,0.0004513577980105765
19,5,0.9886781818443481,0.011321818155651957,0.210513562250597,-2,256,ok,0.000938375000259839,0.0010024579969467595,0.0010286497985362076
20,4,0.8245903977864849,0.1754096022135151,2.604773475242034,-2,256,ok,0.0014918750021024607,0.0015081250021466985,0.0015287498012185098
17,17,0.25461046890851957,0.7453895310914804,0.38864847990258145,-2,256,ok,0.0006550420002895407,0.0006572499987669289,0.0006718501972500235
10,6,0.9824248595045831,0.017575140495416898,1.6049416420419949,-2,256,ok,0.001102708003600128,0.0011169169956701808,0.0011348662053933367
17,-1,0.9541286408408589,0.04587135915914111,3.81573887538097,-2,256,ok,0.0019990420041722246,0.0020332080021034926,0.0020563746031257322
48,-27,0.9416915727276138,0.05830842727238618,0.5466729742108494,-2,256,ok,0.0036290419957367703,0.0036383749975357205,0.0037184416025411336
24,15,0.9830977330501208,0.016902266949879157,2.169900270800071,-2,256,ok,0.0016749999995226972,0.0016803329999675043,0.0016872331994818523
10,4,0.3689059512680525,0.6310940487319475,2.064931242962064,-2,256,ok,0.001085290998162236,0.0010962079977616668,0.0011088837971328757
12,-7,0.4373478481885239,0.5626521518114761,1.6094098668849994,-2,256,ok,0.0009303329934482463,0.0009372080021421425,0.0009415585998794995
5,-2,0.9834101046459346,0.016589895354065413,0.8978759358959181,-2,256,ok,0.0006897500061313622,0.0006914160039741546,0.0006943832035176456
24,9,0.9773905283997736,0.02260947160022643,4.090275768140683,-2,256,ok,0.002246957999886945,0.0022874999995110556,0.0023241503979079424
42,-31,0.6787625160044826,0.3212374839955175,1.3786677000698297,-2,256,ok,0.0014921249967301264,0.0015073329996084794,0.0015417918024468237
36,-12,0.8152207693411089,0.1847792306588911,4.043609393679068,-2,256,ok,0.002122875004715752,0.002155250003852416,0.002173324798059184
8,-3,0.9806155997019689,0.019384400298031085,2.7765502650131397,-2,256,ok,0.0011383750024833716,0.001143125002272427,0.0011493085985421203
47,-47,0.6935699853169512,0.3064300146830487,4.888691125825725,-2,256,ok,0.0024600000033387914,0.0024674589949427173,0.0024914581954362802
50,2,0.7314244438364284,0.2685755561635717,1.7892023473819008,-2,256,ok,0.0019587499991757795,0.0019709169937414117,0.0020339999988209455
39,11,0.686046714878251,0.313953285121749,4.384274995278771,-2,256,ok,0.0023180830030469224,0.002330207993509248,0.0023847498057875784
42,39,0.816101837717998,0.18389816228200195,1.2421593606452654,-2,256,ok,0.0015805829971213825,0.001595917005033698,0.0016307586003676989
22,10,0.5411014577385362,0.4588985422614638,3.8253081781306086,-2,256,ok,0.0018440420026308857,0.0018530000015744008,0.0018628419988090173
33,28,0.6006977195817854,0.3993022804182146,3.2161819762831354,-2,256,ok,0.0017261249959119596,0.0017402090015821159,0.0017533495993120596
10,0,0.8800133454678545,0.11998665453214553,2.8863659071174723,-2,256,ok,0.0012577920060721226,0.0012782089979737066,0.0012981747975572943
23,-12,0.9883257226359761,0.011674277364023915,4.192792643517692,-2,256,ok,0.002472000000125263,0.002484165997884702,0.0025077497979509645
11,-6,0.9351550419333406,0.0648449580666594,1.498387863782834,-2,256,ok,0.0009268330031773075,0.0009318750016973354,0.000987608198192902
35,26,0.8805798262700553,0.11942017372994476,4.254828511989548,-2,256,ok,0.0022197500002221204,0.0023441669982275926,0.0023580577995744533
18,16,0.9845061269983969,0.015493873001603048,1.5862881999103586,-2,256,ok,0.0013938750053057447,0.0014102080021984875,0.0014269416002207435
7,5,0.9796359106939825,0.020364089306017567,2.5861890774057694,-2,256,ok,0.0013800419983454049,0.0013815420024911873,0.001399191601376515
2,-2,0.9749185247791391,0.02508147522086088,4.927320239840386,-2,256,ok,0.0013895000010961667,0.0014058329979889095,0.001426583201100584
19,7,0.9820197185890397,0.01798028141096028,2.1116397461078367,-2,256,ok,0.001440249994629994,0.001446041998860892,0.0014568252037861385
40,32,0.9526451387959537,0.047354861204046354,0.5866976148874039,-2,256,ok,0.0018193750001955777,0.0018294580004294403,0.0018375330037088133
19,12,0.8764050391083491,0.12359496089165091,0.2714551684922305,-2,256,ok,0.0008153340022545308,0.0008194170004571788,0.0008357751998119056
20,17,0.9861080353661087,0.013891964633891267,3.6907022502761735,-2,256,ok,0.002196083005401306,0.0022097090040915646,0.002228449999529403
38,6,0.9541924218784058,0.045807578121594236,4.8167502149209005,-2,256,ok,0.002681332996871788,0.0027054169986513443,0.00271627499605529
