s,l,m,gamma,nsamples,status,min,median,p90
-2,30,-8,3.338677031324873,256,ok,0.0007279999990714714,0.0007405829965136945,0.0007491500029573217
-2,48,3,3.359088247515206,256,ok,0.0014974579971749336,0.0015257500053849071,0.0015294750046450645
-2,17,7,3.560847565951015,256,ok,0.0006496249989140779,0.0006580409972229972,0.000669841596391052
-2,31,-27,3.0213689036887694,256,ok,0.0005711249978048727,0.0005756250029662624,0.000591975197312422
-2,33,-27,4.101522703584697,256,ok,0.0006444169994210824,0.0006469159998232499,0.0006604589929338544
-2,32,16,0.2685679792473107,256,ok,0.0006610830023419112,0.0007164580019889399,0.0007862339931307361
-2,22,-6,1.5880202163754078,256,ok,0.0005168339994270355,0.0005231670074863359,0.0005347918020561337
-2,8,-3,2.93786422772697,256,ok,0.0004404159990372136,0.0004490420105867088,0.00045264180225785823
-2,10,5,2.810351237297563,256,ok,0.00048675001016817987,0.00048762500227894634,0.0004923166066873819
-2,43,-15,1.7117495607133928,256,ok,0.0010870410042116418,0.0011151660000905395,0.001191049601766281
-2,43,6,2.6370183282242765,256,ok,0.0012149999965913594,0.0012300829985179007,0.0012424749962519853
-2,34,-31,3.2878941753714646,256,ok,0.0006262499955482781,0.0006287919968599454,0.0006333832076052204
-2,42,9,1.3021016548764577,256,ok,0.001118583997595124,0.0011229999945499003,0.0011276667995844037
-2,12,-12,3.8333896719088885,256,ok,0.00045770799624733627,0.00045858300291001797,0.0004642417974537238
-2,3,0,3.6498511152309763,256,ok,0.000519957990036346,0.0005297080060699955,0.0005976581975119189
-2,23,-21,4.767875183502264,256,ok,0.00039525001193396747,0.00040670800080988556,0.000422850000904873
-2,3,-2,0.04091524806251528,256,ok,0.00013816700084134936,0.0001385829964419827,0.00013998339709360154
-2,41,-25,1.0699278971587858,256,ok,0.0008602080051787198,0.0009034160029841587,0.0009511746029602364
-2,46,42,3.04114468641805,256,ok,0.0009121250041062012,0.0009198750049108639,0.0009422420000191778
-2,32,-26,4.503231407537962,256,ok,0.0006081669998820871,0.0006112920091254637,0.0006208496022736653
-2,49,35,2.206250607783098,256,ok,0.0010714590025600046,0.0010843750060303137,0.0011969916056841611
-2,35,4,4.086401308359489,256,ok,0.0009994580032071099,0.0010196250077569857,0.0010346745955757796
-2,32,-10,1.2352323009711992,256,ok,0.0007873330032452941,0.0007948340062284842,0.0008023417991353199
-2,14,7,2.7857442068293925,256,ok,0.0003406249888939783,0.0003480000013951212,0.0003555502014933154
-2,11,4,0.5164185542886731,256,ok,0.0003005420003319159,0.00030116700509097427,0.00031325819727499036
-2,11,-2,0.5766140882471968,256,ok,0.00031320800189860165,0.0003160420019412413,0.00032995880173984914
-2,33,-17,4.5967265100845305,256,ok,0.0007625830039614812,0.0007710829959250987,0.0007801252097124234
-2,42,19,1.9693823700024153,256,ok,0.0010303749877493829,0.0010388749942649156,0.0010659663996193558
-2,46,-28,0.8351940562082656,256,ok,0.0010489999986020848,0.0010865000076591969,0.0011034000024665147
-2,9,-6,3.5162764111270333,256,ok,0.0004850830009672791,0.0004938750062137842,0.0005040496005676686
-2,46,20,3.9470159924134767,256,ok,0.00114824999764096,0.0011596249969443306,0.001191358204232529
-2,43,-36,2.7709982999224265,256,ok,0.0008609999931650236,0.0008882080001058057,0.0008989583962829784
-2,4,-3,4.621894829110648,256,ok,0.0005430830060504377,0.0005482080014189705,0.0005625495949061587
-2,42,-27,2.4069091538668315,256,ok,0.0009378749964525923,0.0009581670019542798,0.0009649751969845966
-2,24,20,1.7360763250034477,256,ok,0.0004514579923124984,0.00045933299406897277,0.00048269999679178
-2,27,25,2.2993802263868197,256,ok,0.00048800000513438135,0.0004942909872625023,0.0005057503993157297
-2,5,2,0.07767208464847945,256,ok,0.00018416599777992815,0.00018445799651090056,0.00020079200621694326
-2,37,19,2.4505848679648237,256,ok,0.0008352500008186325,0.0008382920059375465,0.0008478413918055594
-2,6,-6,1.0638873285013333,256,ok,0.00019962499209214002,0.00019999999494757503,0.00020081620605196803
-2,29,22,2.1050565700987844,256,ok,0.0005577919946517795,0.0005590000073425472,0.0005608420062344522
-2,33,9,3.3947264694243233,256,ok,0.0008179590076906607,0.0008244580094469711,0.0008366081980057061
-2,42,3,1.8550910135141911,256,ok,0.0012232080043759197,0.0012308330042287707,0.001255158198182471
-2,46,14,2.5620646693323397,256,ok,0.001218917008372955,0.0012397500104270875,0.0012538662005681545
-2,19,2,4.212749156136751,256,ok,0.000796874999650754,0.000811542005976662,0.0008392331918003037
-2,41,-30,0.0604996587287283,256,ok,0.0007297920092241839,0.000749082988477312,0.0007621170079801232
-2,7,0,4.103335589619206,256,ok,0.0006007910124026239,0.0006060000014258549,0.0006355001969495788
-2,21,17,2.412876499385736,256,ok,0.0004035419988213107,0.0004097500059287995,0.0004225249984301627
-2,19,14,2.2936140147525896,256,ok,0.00038666700129397213,0.00039191699761431664,0.0004028084018500522
-2,30,-7,4.882297529154096,256,ok,0.0011845419940073043,0.0011986669996986166,0.0012222168064909057
-2,5,-4,0.24269663517255452,256,ok,0.00019004200294148177,0.0001914160093292594,0.00020274179696571084
-2,36,13,1.5451736296135858,256,ok,0.000872874996275641,0.000881040992680937,0.0009122831950662657
-2,45,10,1.0700818165420858,256,ok,0.0012850409984821454,0.0012894999963464215,0.001331491197925061
-2,7,-1,3.8317679072175657,256,ok,0.0006087500078137964,0.0006295830098679289,0.0006520999973872677
-2,37,-14,0.15056957980399738,256,ok,0.0008584999886807054,0.0008748749969527125,0.0008908833959139883
-2,11,-3,4.2135172396241,256,ok,0.0007814580021658912,0.0007897500036051497,0.0008023249945836141
-2,46,23,4.955021652118964,256,ok,0.0011164160096086562,0.0011273330019321293,0.0011621248035226018
-2,11,-5,3.3484466739218934,256,ok,0.0005115000094519928,0.0005123330047354102,0.0005145999981323257
-2,22,6,0.4875415804211156,256,ok,0.0005208340007811785,0.0005242920015007257,0.00053411700646393
-2,25,21,1.742954178927673,256,ok,0.0004674579977290705,0.00046808300248812884,0.00047460040368605403
-2,36,19,3.0520856775569394,256,ok,0.0007980000082170591,0.000815500010503456,0.000840874799177982
-2,19,6,0.15940664905314267,256,ok,0.00040008399810176343,0.0004017080063931644,0.0004187581973383203
-2,25,-23,0.37997330139355434,256,ok,0.00041724999027792364,0.00041887500265147537,0.00042471639753784987
-2,18,-11,4.197010170109917,256,ok,0.0006363330030580983,0.0006438749987864867,0.0006567002012161538
-2,14,13,0.9743635498104766,256,ok,0.0003190830029780045,0.00032620799902360886,0.000342333602020517
-2,18,-15,3.8744065721110075,256,ok,0.0003565829974832013,0.00035870900319423527,0.00036519179702736436
-2,4,1,0.7818881784706115,256,ok,0.0001940420042956248,0.00019508400873746723,0.00020861699304077774
-2,8,7,1.642399880394635,256,ok,0.0002255830040667206,0.0002262499911012128,0.00023325780930463224
-2,7,-1,1.1779017863216878,256,ok,0.0002405419945716858,0.00024670800485182554,0.00025952499418053777
-2,10,10,3.1343284357958523,256,ok,0.0004304999893065542,0.00043149999692104757,0.00043365820311009885
-2,32,20,4.321467128597276,256,ok,0.0006905409973114729,0.0006942080071894452,0.000697400001809001
-2,21,10,2.3562668920449603,256,ok,0.0004554170009214431,0.0004563330003293231,0.0004656749981222674
-2,5,-5,2.9163814789560227,256,ok,0.00036341599479783326,0.0003657919878605753,0.0003797918005147949
-2,47,33,4.297160827672472,256,ok,0.0010262919968226925,0.0010324169998057187,0.0010369089985033497
-2,17,-2,1.2038654740531698,256,ok,0.00043070901301689446,0.00043775000085588545,0.00047900799836497754
-2,50,-32,4.295536731551481,256,ok,0.001171500000054948,0.0011772500001825392,0.0011910254106624052
-2,22,-14,0.9285803979204863,256,ok,0.0004464170051505789,0.000446834004833363,0.00044783339835703374
-2,13,-2,1.3496897870705908,256,ok,0.0003464170004008338,0.0003475419944152236,0.0003524833999108523
-2,8,-8,0.6317239453759512,256,ok,0.00021895801182836294,0.00021983399346936494,0.0002225082105724141
-2,36,16,2.7815852575243607,256,ok,0.0008362910011783242,0.0008386250119656324,0.0008557834080420434
-2,40,31,2.3782452616036958,256,ok,0.000807707998319529,0.0008098340040305629,0.0008239917922765016
-2,38,-20,0.7764774014513106,256,ok,0.0008559590060031042,0.000858375002280809,0.0008729247987503186
-2,16,-3,3.717456409708183,256,ok,0.0006731250032316893,0.0006748750020051375,0.0006769330007955432
-2,32,-19,2.6777430163292117,256,ok,0.0006645420071436092,0.0006654169992543757,0.000670600007288158
-2,3,-2,3.0654104421233366,256,ok,0.0004967910062987357,0.0005000410019420087,0.0005075083958217874
-2,14,-9,1.5354685344445496,256,ok,0.0003189999988535419,0.00032041700615081936,0.00033170800597872587
-2,28,-23,0.3853751985229864,256,ok,0.00048424999113194644,0.00048624999180901796,0.0005000585981179029
-2,11,8,4.0647040467691085,256,ok,0.0006122089980635792,0.0006185419915709645,0.0006324830057565123
-2,37,26,2.4886396949834277,256,ok,0.0008160419965861365,0.0008165000035660341,0.0008326829993166029
-2,20,20,2.3368852386994785,256,ok,0.0003668330027721822,0.0003724999987753108,0.0003790329996263608
-2,13,-4,2.2233060511896245,256,ok,0.0003336669906275347,0.00033408300078008324,0.0003350503946421668
-2,36,-15,3.418191924628851,256,ok,0.0008450830064248294,0.0008507080056006089,0.0008539166097762063
-2,43,-14,2.45510672905642,256,ok,0.0010994999902322888,0.0011077079980168492,0.0011210503987967968
-2,25,-14,2.3956426321066218,256,ok,0.000516875006724149,0.0005175420083105564,0.0005262249935185537
-2,19,10,2.999262855578745,256,ok,0.0004147500003455207,0.0004163749981671572,0.0004195412009721622
-2,5,2,3.1569055614793844,256,ok,0.0005580829893006012,0.000559791995328851,0.0005669670004863292
-2,12,-12,4.719564601746583,256,ok,0.00046020800073165447,0.0004621660045813769,0.0004697496013250202
-2,39,-5,3.9834769277720916,256,ok,0.0010800830059451982,0.0010903330112341791,0.0011013169947545975
-2,49,-27,2.7553575970849247,256,ok,0.0012065829942002892,0.001259500000742264,0.0013198000000556932
-2,46,37,3.941496981897532,256,ok,0.0009567499946570024,0.000960791003308259,0.0009822416002862155
-2,48,35,0.22379146005175618,256,ok,0.0009699579968582839,0.000971332992776297,0.0009794412006158381
-2,6,4,0.9388730493665735,256,ok,0.00021229099365882576,0.0002125000028172508,0.00022426700161304325
-2,41,25,4.061668117027992,256,ok,0.0009029170032590628,0.0009052090026671067,0.0009154330007731914
-2,39,17,3.5369154258352173,256,ok,0.0009252499876311049,0.0009323330014012754,0.0009375832014484331
-2,29,-28,1.6603988113179495,256,ok,0.0005148339987499639,0.0005180830048630014,0.0005249081965303049
-2,42,12,1.584186300705749,256,ok,0.0010884170042118058,0.0010941249929601327,0.001105642001493834
-2,46,-16,0.6758715205918363,256,ok,0.0011742500064428896,0.0011807080009020865,0.0011866172018926591
-2,40,30,0.09011472715111334,256,ok,0.0006589169934159145,0.0007072500011418015,0.0007880589982960373
-2,17,0,4.84311114104857,256,ok,0.0009240420040441677,0.0009552499977871776,0.00103210860688705
-2,35,-10,3.2347970975257603,256,ok,0.0008704170031705871,0.0008794999885139987,0.0008979500038549304
-2,32,-9,4.500057897907883,256,ok,0.0012181669881101698,0.001280208001844585,0.0013111832056893035
-2,37,-26,4.365345281759628,256,ok,0.0007040409982437268,0.0007336660055443645,0.000752283600741066
-2,12,5,4.0253056884624066,256,ok,0.0006662090017925948,0.0007093339954735711,0.0007764833979308606
-2,4,-4,3.8476464029441946,256,ok,0.0005035409994889051,0.0005052089982200414,0.0005152416008058936
-2,11,9,0.3434541918013566,256,ok,0.00025862499023787677,0.00025887500669341534,0.0002605668036267161
-2,2,1,4.396770147917623,256,ok,0.0005391669983509928,0.0005397089989855886,0.0005413001956185326
-2,38,-29,4.271850580716704,256,ok,0.0007587500003864989,0.000759749993449077,0.0007680915965465829
-2,42,5,4.536398339738239,256,ok,0.0012123749911552295,0.0012185829982627183,0.0012507998006185516
-2,9,2,4.642398344619745,256,ok,0.0007232500065583736,0.0007286660111276433,0.0007358165952609852
-2,15,8,4.168215291346505,256,ok,0.0005832079914398491,0.0005842500104336068,0.0006072665972169488
-2,17,-3,3.0314354809253534,256,ok,0.00042462500277906656,0.00042637500155251473,0.0004307582014007494
-2,36,-7,4.71997774646425,256,ok,0.0014118340041022748,0.0014226249913917854,0.0014404919929802418
-2,47,14,2.928698735368688,256,ok,0.0012594169966178015,0.001273750007385388,0.0012767082051141187
-2,22,20,0.9465830250554528,256,ok,0.0004039999912492931,0.0004057919868500903,0.0004178336064796895
-2,27,4,3.6835095203291064,256,ok,0.0007007919921306893,0.0007052089931676164,0.0007257836026838049
-2,9,1,2.430958449007531,256,ok,0.0004988750006305054,0.0005029579915571958,0.0005166332004591823
-2,50,-22,0.07333788694318431,256,ok,0.0011220000014873222,0.0011269169917795807,0.0011624335980741306
-2,12,-3,4.439482795238757,256,ok,0.0007712080114288256,0.0007819169986760244,0.0007947247999254614
-2,46,16,3.3895845939847526,256,ok,0.001200625003548339,0.001208583009429276,0.0012193663977086544
-2,41,-27,0.7081989143012336,256,ok,0.0008608329953858629,0.0008640840096632019,0.0008737166062928736
-2,23,8,3.7996655711146006,256,ok,0.0008290410041809082,0.0008347920083906502,0.0008397832047194242
-2,40,35,4.300441870570142,256,ok,0.0008188330102711916,0.0008232090040110052,0.0008430077985394746
-2,26,16,2.5737068497307014,256,ok,0.0005256669974187389,0.0005267079977784306,0.0005320997937815264
-2,16,-9,2.9204516679703687,256,ok,0.00035599998955149204,0.0003562079946277663,0.00037282479752320796
-2,23,-14,4.0372650344562055,256,ok,0.0007487910042982548,0.000751583997043781,0.0007578581979032605
-2,3,-3,3.1833507168754216,256,ok,0.00048475000949110836,0.0004867079987889156,0.0004935836012009531
-2,30,-15,1.8060682610377163,256,ok,0.0005876250070286915,0.0006240000075194985,0.0006478163995780051
-2,3,-3,2.385620112181029,256,ok,0.00032816700695548207,0.00032833300065249205,0.0003294410067610443
-2,3,-2,3.8980286523821293,256,ok,0.0005285420047584921,0.0005352919979486614,0.0005469585943501442
-2,43,-30,2.0007327908161625,256,ok,0.0009058330033440143,0.0009076669957721606,0.0009229668037733063
-2,46,41,2.4162063086853762,256,ok,0.0009213750017806888,0.0009344160062028095,0.0009492666024016217
-2,41,-9,2.6089979797512615,256,ok,0.0010953750024782494,0.001101957997889258,0.0011175501917023213
-2,29,-28,2.0632550261931173,256,ok,0.0005144159949850291,0.0005147500050952658,0.0005239917983999476
-2,49,-36,2.3071707765141416,256,ok,0.0010642080014804378,0.0010721250000642613,0.001077741599874571
-2,28,-2,1.1315127258064515,256,ok,0.0007344159967033193,0.000739125011023134,0.0007513422024203464
-2,19,-6,3.621694122506671,256,ok,0.0007241659914143384,0.0007280410063685849,0.0007342834054725244
-2,43,3,1.4996020513654815,256,ok,0.0012564580101752654,0.001271083005121909,0.0012750661961035803
-2,15,13,0.028038838817933273,256,ok,0.0002534160012146458,0.00025933299912139773,0.0002651831950061023
-2,24,-7,2.8417947022385257,256,ok,0.0005687500088242814,0.000574999998207204,0.0005900586023926735
-2,20,-11,3.884847883435179,256,ok,0.0006950419920030981,0.0007033330039121211,0.0007201834028819576
-2,15,-9,2.244823478031427,256,ok,0.00033887500467244536,0.00034537499595899135,0.00035422540095169096
-2,47,-18,0.7381383895372814,256,ok,0.001198333004140295,0.001211416005389765,0.001222041598521173
-2,15,5,2.301040243508838,256,ok,0.0003699999942909926,0.0003763330023502931,0.00038745000201743094
-2,9,-8,3.5033080511264045,256,ok,0.00042566600313875824,0.00042616600694600493,0.0004397330019855872
-2,30,-7,4.999198449042431,256,ok,0.0011395829933462664,0.0011625410115811974,0.0011810918076662347
-2,7,6,1.4873923621838794,256,ok,0.00021637500321958214,0.00021770800231024623,0.00022923339274711908
-2,15,9,0.13154567375570822,256,ok,0.00030116699053905904,0.0003023750032298267,0.00031857499852776526
-2,47,-25,1.786492861350679,256,ok,0.0010317499982193112,0.0010949160059681162,0.0011365581973223015
-2,37,-29,2.7313267579879916,256,ok,0.0007266250031534582,0.0007499999919673428,0.000788758194539696
-2,6,3,3.0574157581256127,256,ok,0.0005421249952632934,0.0005448750016512349,0.0005788167996797711
-2,16,-14,3.292238902576972,256,ok,0.000323957996442914,0.00033179199090227485,0.00034585820103529843
-2,39,21,0.0370867874102248,256,ok,0.0007630410109413788,0.0007705419993726537,0.0008074498036876321
-2,39,34,2.1952988721240496,256,ok,0.000753250002162531,0.0007656249945284799,0.0007846581924241036
-2,11,2,3.4253054612576896,256,ok,0.0005470829928526655,0.0005660830065608025,0.0005795252043753862
-2,9,0,0.8644240784865483,256,ok,0.00026358400646131486,0.0002671670081326738,0.00027691680006682875
-2,47,-3,2.2968441250033376,256,ok,0.0014335830055642873,0.0014570829953299835,0.00147209960850887
-2,35,-29,4.292744589433959,256,ok,0.0006703749968437478,0.0006808329926570877,0.0006947087997104973
-2,16,-1,1.3823100537108162,256,ok,0.0004129169974476099,0.00041562499245628715,0.000425983197055757
-2,50,-49,0.4883065039692306,256,ok,0.000948667002376169,0.0009620420023566112,0.0009905498009175062
-2,5,5,4.029036715943955,256,ok,0.0005224579945206642,0.0005291669949656352,0.0005421997979283333
-2,29,-18,3.7199105032796624,256,ok,0.0006132910057203844,0.00061495800036937,0.0006178497977089136
-2,44,23,1.111388849087496,256,ok,0.001025042001856491,0.0010437080054543912,0.0010595169966109096
-2,41,11,3.538217304617309,256,ok,0.0010794580011861399,0.0011109999904874712,0.0011907248001080007
-2,2,-1,2.7580728652735,256,ok,0.0004785830096807331,0.0004853749996982515,0.0004948746034642681
-2,48,1,2.7889295381884662,256,ok,0.0015060839941725135,0.001531667003291659,0.0015463998017366976
-2,11,-5,1.2041644215478673,256,ok,0.0002888340095523745,0.00028974999440833926,0.0002994418056914583
-2,4,0,3.612173385906864,256,ok,0.0005173749959794804,0.0005230420065345243,0.0005281748017296195
-2,39,11,1.3843869791705732,256,ok,0.0009935829875757918,0.0010012909915531054,0.0010129086062079296
-2,19,14,4.307698982692734,256,ok,0.0006224999960977584,0.0006362080021062866,0.0006492337939562276
-2,30,-3,4.483213819763905,256,ok,0.001210749993333593,0.0012387919996399432,0.0012475002062274144
-2,7,-6,4.770751221891014,256,ok,0.0006087920046411455,0.0006128749955678359,0.0006287172000156716
-2,48,25,4.407307977843793,256,ok,0.001196666999021545,0.0012197079922771081,0.0012351668003248051
-2,26,22,4.427090451745445,256,ok,0.000495915999636054,0.0004966669948771596,0.0005032161949202419
-2,47,-17,3.7122496984044218,256,ok,0.001301374999457039,0.0013149580045137554,0.0013199002016335726
-2,7,5,0.24074206206342794,256,ok,0.0002247079974040389,0.0002280000044265762,0.00023649180657230317
-2,3,0,0.9711135892482514,256,ok,0.0001778330042725429,0.0001789170055417344,0.0001794250070815906
-2,22,6,2.0083930217300647,256,ok,0.0005267079977784306,0.0005383750103646889,0.000557283204398118
-2,4,1,4.5063914110351035,256,ok,0.0005979160050628707,0.0006057909922674298,0.0006317419960396364
-2,46,28,4.237897919532382,256,ok,0.0010581249953247607,0.001094332998036407,0.0011067000043112785
-2,27,-24,1.9273521629676664,256,ok,0.0004942910018144175,0.0004964160034433007,0.0005363166012102738
-2,30,25,2.096132003490441,256,ok,0.0005632499960483983,0.0005653330008499324,0.0005852996022440493
-2,10,1,2.8200933982891594,256,ok,0.0005236669967416674,0.0005292919959174469,0.0005754918034654111
-2,21,-13,0.10025888955005544,256,ok,0.0003602920041885227,0.00036537500272970647,0.00039019999676384034
-2,22,0,3.363861755537437,256,ok,0.0005733750003855675,0.000585082991165109,0.0006015668070176617
-2,50,43,2.3741153126617567,256,ok,0.0010482079960638657,0.0010681249987101182,0.0010727671964559705
-2,29,-23,4.8778003452788745,256,ok,0.0005508750036824495,0.0005546669999603182,0.0005632914020679891
-2,31,-24,2.973534915172481,256,ok,0.0005967920005787164,0.0006023750029271469,0.0006068085989682004
-2,3,2,4.222931114062627,256,ok,0.0005412079917732626,0.0005429590091807768,0.0005806584056699648
-2,45,-25,0.28890694487862245,256,ok,0.00089533299615141,0.0010596249921945855,0.0011020750011084602
-2,40,8,3.737306102743792,256,ok,0.0010963329987134784,0.001106125011574477,0.0011675501882564276
-2,35,3,2.0829094017711225,256,ok,0.0009564159990986809,0.0009645410027587786,0.000971091995597817
-2,20,15,1.150464585864291,256,ok,0.0003972080012317747,0.00039745800313539803,0.00039874139765743165
-2,43,-7,2.107418704147209,256,ok,0.0011990000057267025,0.0012055839906679466,0.001211316991248168
-2,10,-10,3.7479544585899687,256,ok,0.0004293329984648153,0.00043074999121017754,0.0004377001983812079
-2,15,-3,4.921487561801089,256,ok,0.000905417007743381,0.0009087079961318523,0.0009127252007601783
-2,36,-32,1.8561885909200038,256,ok,0.0006902919994900003,0.0006919169973116368,0.0006971833994612098
-2,46,-1,0.22359356576136036,256,ok,0.0013257920072646812,0.0013377909926930442,0.0013428251928417011
-2,30,-24,2.0939324319518224,256,ok,0.0005835839983774349,0.0005857080104760826,0.0005913000059081241
-2,42,-27,3.472200054920941,256,ok,0.0009279999940190464,0.0009685830009402707,0.0010049582022475078
-2,47,-10,0.8563215569084532,256,ok,0.0012990419927518815,0.0013496250030584633,0.0013836168043781071
-2,42,-7,0.39867917392525926,256,ok,0.0011516669910633937,0.0011694170098053291,0.001172266196226701
-2,30,14,3.3392150737369097,256,ok,0.0006695000047329813,0.0006917079881532118,0.0007002333994023501
-2,2,-1,3.599307487581618,256,ok,0.0005081249983049929,0.0005189169896766543,0.0005207668000366539
-2,4,4,3.691299237284962,256,ok,0.0005222920008236542,0.0005255840078461915,0.0005367086065234617
-2,11,8,3.9515629037679436,256,ok,0.0006013329984853044,0.0006250419974094257,0.0006348749942844733
-2,9,-9,4.3583064489322,256,ok,0.0005314169975463301,0.0005330829881131649,0.0005385088006732985
-2,19,8,0.7969851759593755,256,ok,0.00041774999408517033,0.0004257910040905699,0.00042874100035987793
-2,12,-2,4.931841913742929,256,ok,0.0007837919984012842,0.000792874998296611,0.0008073250035522505
-2,39,38,0.553448163637394,256,ok,0.0006742910045431927,0.0006825409946031868,0.0006991668080445379
-2,5,-3,1.256691919215892,256,ok,0.0001989169977605343,0.00019916699966415763,0.00020059160015080125
-2,41,16,4.524209585135081,256,ok,0.0010560840019024909,0.001062165989424102,0.001070575398625806
-2,42,-26,2.4973208987173683,256,ok,0.0009236659971065819,0.0009267499990528449,0.0009340831980807707
-2,32,4,3.104328936267588,256,ok,0.0008204159967135638,0.000840124994283542,0.0008736415940802545
-2,11,4,0.7636158229564817,256,ok,0.000289541989332065,0.0002900830004364252,0.00029150820337235926
-2,50,6,0.16035246254932187,256,ok,0.0013964169920654967,0.0014009169972268865,0.0014841248077573255
-2,46,32,4.069774829958228,256,ok,0.0010017500026151538,0.0010081670043291524,0.0010278917965479196
-2,41,-18,3.4715866440461136,256,ok,0.00104674999602139,0.0010477500036358833,0.0010654830024577678
-2,17,-12,1.2927151023323769,256,ok,0.00037349999183788896,0.0003760840045288205,0.00037840839358977975
-2,21,4,3.5114327011255604,256,ok,0.0008362499938812107,0.0008452499896520749,0.000869249997776933
-2,15,0,0.09646228388080004,256,ok,0.000338084006216377,0.0003469579969532788,0.0003503420011838898
-2,25,-18,1.2137847938267112,256,ok,0.00048483299906365573,0.0004852919955737889,0.0004858579923165962
-2,24,-17,3.980771097637274,256,ok,0.0004727500054286793,0.00047304100007750094,0.00047607500746380536
-2,32,-19,2.364379191615742,256,ok,0.0006271250022109598,0.000670541005092673,0.0007122830022126437
-2,7,-5,2.8498721431802134,256,ok,0.00037733299541287124,0.0003789999900618568,0.00038943339604884385
-2,35,27,4.285924088825763,256,ok,0.0006856659892946482,0.0006910840020282194,0.0006971080030780286
-2,4,0,0.4147957607505205,256,ok,0.00018645900127012283,0.0001866249949671328,0.00019134180038236082
-2,14,-2,0.9327663438342827,256,ok,0.00036591599928215146,0.0003664999967440963,0.0003724749927641824
-2,14,5,1.0631935493453892,256,ok,0.0003495829878374934,0.00034995800524484366,0.0003514582087518647
-2,49,0,2.49845457944473,256,ok,0.0015326670109061524,0.001538458003778942,0.0015483417955692858
-2,36,10,4.310839176244374,256,ok,0.0009078339935513213,0.0009125419892370701,0.0009226754074916244
-2,33,32,1.7407668694491472,256,ok,0.0005453750054584816,0.0005575840041274205,0.0005866754014277831
-2,8,7,2.7766283504442146,256,ok,0.00040058299782685935,0.0004023749934276566,0.0004087920009624213
-2,46,8,1.2711486431355976,256,ok,0.0013504170055966824,0.001389375000144355,0.0014345912029966712
-2,27,22,4.768225915037252,256,ok,0.0005019160016672686,0.000530999997863546,0.0005456577986478805
-2,38,-4,1.8578200691375257,256,ok,0.0010546670091571286,0.0010965419933199883,0.0011375169997336343
-2,27,4,1.4896611441513,256,ok,0.0007178329979069531,0.0007209169998532161,0.0007230836024973541
-2,2,1,2.1533983677984754,256,ok,0.00034012499963864684,0.0003423750022193417,0.0003713252051966265
-2,20,-17,0.9996911394770408,256,ok,0.00039429200114682317,0.0003946670040022582,0.0003962167975259945
-2,2,2,0.15692809367179686,256,ok,0.0001672919897828251,0.00016766699263826013,0.0001690752076683566
-2,13,1,0.6108911161445344,256,ok,0.00035595799272414297,0.0003566670056898147,0.00035802539496216924
-2,15,-1,4.812304470332537,256,ok,0.0008944589935708791,0.0009417919936822727,0.0009687588026281446
-2,20,13,3.2688350915870985,256,ok,0.00042545799806248397,0.000432166998507455,0.0004737749928608537
-2,13,-3,1.6812752719379738,256,ok,0.0003499590093269944,0.0003509170055622235,0.0003529504087055102
-2,28,7,1.2916354379906017,256,ok,0.0007037499890429899,0.0007051659922581166,0.0007119335990864783
-2,10,-10,4.8225285942663625,256,ok,0.0006137919990578666,0.0006148749962449074,0.0006187998020322994
-2,32,-2,3.9037603404205843,256,ok,0.0009086250065593049,0.000909790993318893,0.0009170749952318146
-2,43,24,0.1555822324396686,256,ok,0.0009487919887760654,0.0009520829917164519,0.0009795666032005102
-2,15,15,1.0074264294789737,256,ok,0.000308208997012116,0.00030941700970288366,0.0003135587990982458
-2,23,-5,4.757067006025811,256,ok,0.0009357499948237091,0.0009397500107297674,0.000954891592846252
-2,15,5,4.557651857135747,256,ok,0.0008747920073801652,0.0008823329990264028,0.0009399419970577583
-2,6,5,3.531391061133159,256,ok,0.0005644589982694015,0.0005648329970426857,0.0005675667925970629
-2,6,1,2.4890239388252415,256,ok,0.00043162499787285924,0.0004328749928390607,0.0004360754013760015
-2,6,0,3.726787954932867,256,ok,0.0006373749929480255,0.0006384580046869814,0.0006422332022339106
-2,18,2,0.8656895746645807,256,ok,0.00047900000936351717,0.00048624999180901796,0.0005391081969719381
-2,6,4,2.0946498067339254,256,ok,0.0004049580020364374,0.00040679100493434817,0.00043151639983989297
-2,42,-18,1.650779823987343,256,ok,0.001058791996911168,0.0010720419959397987,0.0011441830021794886
-2,39,-8,2.19397387610539,256,ok,0.001063583986251615,0.0010710420028772205,0.001077549997717142
-2,46,35,3.832567842021893,256,ok,0.0010073750017909333,0.0010122919920831919,0.0010378999926615507
-2,20,7,1.6858543470586294,256,ok,0.0004735830007120967,0.00047825000365264714,0.0005229249916737899
-2,32,-14,0.5878077573378511,256,ok,0.0007478750048903748,0.0007496670004911721,0.0007635254034539685
-2,14,3,0.3821002043772177,256,ok,0.00037162500666454434,0.00037520799378398806,0.00040068400267045945
-2,12,-7,1.8003887425148322,256,ok,0.00030333299946505576,0.00030408400925807655,0.0003105579933617264
-2,16,4,1.162716766230284,256,ok,0.0004038330080220476,0.0004076250042999163,0.0004099420038983226
-2,25,-25,1.2173378932874173,256,ok,0.00045654099085368216,0.00046016699343454093,0.0004666497989092022
-2,43,-43,1.0321773837934387,256,ok,0.0008989170019049197,0.0009002500009955838,0.0009027917985804379
-2,11,11,4.724652901397713,256,ok,0.000629791000392288,0.0006315000064205378,0.0006357502046739682
-2,2,-2,1.8921201276923372,256,ok,0.0003380419948371127,0.0003539589961292222,0.0003655415988760069
-2,13,-2,0.16270911415186887,256,ok,0.0003248749999329448,0.0003252080059610307,0.0003259499935666099
-2,24,-9,4.569905277987351,256,ok,0.0008883749978849664,0.0008909159951144829,0.0008986248023575172
-2,50,20,1.5045444139334077,256,ok,0.0013485840026987717,0.001353957995888777,0.0013616832060506568
-2,24,8,1.6896176906609366,256,ok,0.0005770830030087382,0.0005806249973829836,0.0005838081997353584
-2,22,-16,1.07452151683436,256,ok,0.00044329100637696683,0.00044833299762103707,0.00045328339911065996
-2,40,-36,3.4331300290010742,256,ok,0.0007963749958435073,0.0007983750110724941,0.0008020081935683265
-2,33,-11,4.459698222694251,256,ok,0.001232583003002219,0.0012370839976938441,0.0012428333982825279
-2,20,4,4.5645888491476825,256,ok,0.0008389589929720387,0.000840292006614618,0.0009080248040845619
-2,11,-9,0.9357685549625968,256,ok,0.0002716250019147992,0.00027191599656362087,0.00027296720072627066
-2,34,-17,4.374804901932007,256,ok,0.0007840000034775585,0.0007856249867472798,0.0007887332059908659
-2,49,-13,2.0155274741858524,256,ok,0.0014059579989407212,0.0014112079952610657,0.0014230500062694773
-2,2,0,4.318034650117943,256,ok,0.0005496249941643327,0.0005613749963231385,0.0005658248061081395
-2,12,12,2.754169690320661,256,ok,0.00026875000912696123,0.00027674999728333205,0.00028765820898115637
-2,46,-31,1.2847730764128917,256,ok,0.0010350829979870468,0.0010449169931234792,0.0010745749983470886
-2,41,-41,1.008142061834876,256,ok,0.0007868749962653965,0.0007972919993335381,0.0008110001974273473
-2,42,7,2.4733098312760537,256,ok,0.0011868329893331975,0.0012119580060243607,0.0012512250017607585
-2,13,-5,2.9897373052925684,256,ok,0.0005764169909525663,0.0005854169867234305,0.000605000407085754
-2,13,2,0.9585062566532353,256,ok,0.000352374991052784,0.00035616599780041724,0.0003747168026166037
-2,6,-4,0.21193637370844265,256,ok,0.00021245901007205248,0.0002127499901689589,0.00022189960291143506
-2,38,-24,3.8938297674798106,256,ok,0.0008213749970309436,0.0008289580000564456,0.0008436750009423122
-2,21,16,3.356230606493613,256,ok,0.00041879199852701277,0.0004201660049147904,0.0004286751995095983
-2,29,-29,4.279107767767049,256,ok,0.0005224579945206642,0.000523209004313685,0.0005300169956171885
-2,16,11,0.14019701284388406,256,ok,0.00030808399606030434,0.0003099999885307625,0.00031461659527849407
-2,39,39,4.274788251979827,256,ok,0.0007190839969553053,0.0007199999963631853,0.0007314832007978111
-2,49,23,0.6241810872159645,256,ok,0.0012048750068061054,0.0012159579928265885,0.0012191916030133143
-2,46,37,0.8957039912014342,256,ok,0.0009476249979343265,0.000953249997110106,0.0009651836036937312
-2,12,2,4.828350341463107,256,ok,0.0007913339941296726,0.0007970000006025657,0.0008038747968384996
-2,19,6,0.08788843197410431,256,ok,0.0003709579905262217,0.0003720419917954132,0.0003768077964195982
-2,30,2,4.666926874401553,256,ok,0.0012276249908609316,0.0012338749947957695,0.0012396331963827833
-2,9,0,1.9844463722537447,256,ok,0.000264959002379328,0.000265499998931773,0.0002669832028914243
-2,9,-4,2.688722481131924,256,ok,0.0004617089871317148,0.0004619170067599043,0.0004637749952962622
-2,12,-12,1.0391624642178223,256,ok,0.0002611250092741102,0.0002622089959913865,0.00027204139623790977
-2,12,6,4.054790914598038,256,ok,0.0006823750009061769,0.00068374999682419,0.0006876340077724308
-2,22,-21,2.2684373310962065,256,ok,0.00040012500539887697,0.00040087499655783176,0.0004041082051116973
-2,33,-8,1.8810169048990062,256,ok,0.0008223340119002387,0.0008275000000139698,0.0008298665983602404
-2,29,14,2.462181333092289,256,ok,0.000622958003077656,0.0006249170110095292,0.0006333495985018089
-2,43,-39,1.905214276214136,256,ok,0.000822582995169796,0.0008577080006944016,0.0008886831958079711
-2,31,-28,0.5412664330118765,256,ok,0.0005526659952010959,0.0005604579928331077,0.000589283590670675
-2,11,6,1.183478193598187,256,ok,0.00028733299404848367,0.000287957998807542,0.0002948171983007342
-2,19,-17,0.40269368946249967,256,ok,0.000359792000381276,0.00036954200186301023,0.00037937519955448805
-2,38,8,3.935942750001926,256,ok,0.0010064999951282516,0.0010142079991055652,0.0010514417983358726
-2,7,6,0.06594534277810925,256,ok,0.00018591700063552707,0.00018616599845699966,0.0002071248018182814
-2,19,14,1.1695051363624074,256,ok,0.0003811250062426552,0.0003827920008916408,0.0003974004008341581
-2,48,-10,1.0476522542364997,256,ok,0.0013509169948520139,0.001372833998175338,0.001455116196302697
-2,21,21,3.828198919281463,256,ok,0.000377874996047467,0.0003862919984385371,0.00038667500484734774
-2,50,7,2.8163234451638406,256,ok,0.0015050000074552372,0.0015355409996118397,0.0015579499915475026
-2,41,3,0.46767440878185923,256,ok,0.0011418749927543104,0.0011541249987203628,0.0011856669909320772
-2,19,11,3.1353795320522666,256,ok,0.0004423749924171716,0.0004432499990798533,0.00044968319416511805
-2,8,1,2.387236430911014,256,ok,0.0004747909988509491,0.00047912501031532884,0.0004933747986797243
-2,17,-11,4.448564197424747,256,ok,0.0006375420052791014,0.0006397090037353337,0.0006644413893809542
-2,23,-3,3.397990619290172,256,ok,0.0005940419941907749,0.000601791005465202,0.0006187001970829442
-2,26,-24,0.6116116471399925,256,ok,0.00046908399963285774,0.0004775419947691262,0.0005035081965615974
-2,8,-3,4.732713347605243,256,ok,0.0006618750048801303,0.0006686249980702996,0.0006977084063692019
-2,6,-6,3.5000098585262114,256,ok,0.0004968749999534339,0.0005067919992143288,0.000530975210131146
-2,31,31,2.3968407775253313,256,ok,0.0005498750106198713,0.0005525839951587841,0.0005780500039691105
-2,32,-24,4.321798369164676,256,ok,0.0006242090021260083,0.0006324580026557669,0.0006540832022437826
-2,7,2,0.707918063547766,256,ok,0.00023841600341256708,0.00023929099552333355,0.000241641397587955
-2,33,15,3.919288916315738,256,ok,0.0007551670132670552,0.0007651250052731484,0.0007983250048710034
-2,46,-44,0.31941712566735253,256,ok,0.0008470409957226366,0.0008572920050937682,0.0008918831998016685
-2,20,-5,0.5644074391103207,256,ok,0.00046970800030976534,0.000479416994494386,0.000497691598138772
-2,9,8,4.339541228243757,256,ok,0.0005872499896213412,0.0005922080017626286,0.0006108502042479813
-2,23,23,2.0096707492837163,256,ok,0.00044179199903737754,0.0004534170002443716,0.0004685917898314074
-2,17,-13,1.6817844814358407,256,ok,0.00034554100420791656,0.00034841698652599007,0.0003832583985058591
-2,8,0,3.947338563239772,256,ok,0.0006411659996956587,0.0006500420131487772,0.0006677497993223369
-2,18,-11,4.130529838922747,256,ok,0.0006346669979393482,0.0006550830003106967,0.0006638165970798582
-2,48,-26,0.0602785463878939,256,ok,0.0010080839856527746,0.00104825000744313,0.0010770252003567294
-2,8,-2,1.3555011526887022,256,ok,0.0002560419961810112,0.0002705410006456077,0.0002842335990862921
-2,33,-17,3.547731370351248,256,ok,0.0007231659983517602,0.0007490410062018782,0.0007609913998749107
-2,41,-33,1.9440744323239922,256,ok,0.0008176660048775375,0.0008310409903060645,0.0008456995943561197
-2,2,-2,1.976714764526397,256,ok,0.0003251250018365681,0.0003353749925736338,0.0003488916001515463
-2,22,-7,0.24085763863811344,256,ok,0.0004612500051734969,0.00046925000788178295,0.00047398340539075436
-2,14,1,1.1648815489754454,256,ok,0.00036933399678673595,0.00037879199953749776,0.00038644159503746777
-2,45,-39,1.9290516293224507,256,ok,0.0009040830045705661,0.0009169169934466481,0.0009417250053957105
-2,35,33,0.663207788125773,256,ok,0.0006411250069504604,0.000650041998596862,0.0006700248020933941
-2,41,29,3.654633438334345,256,ok,0.000853999998071231,0.000859666004544124,0.0008693750016391278
-2,30,-8,1.9707479734022817,256,ok,0.0007306250045076013,0.0007449999975506216,0.0007558167999377474
-2,47,0,2.28661449669733,256,ok,0.0014402089873328805,0.0014683339977636933,0.0015027664077933878
-2,27,1,1.7702841690860418,256,ok,0.0007112500024959445,0.0007174170023063198,0.0007240330014610663
-2,25,-21,4.088016994160761,256,ok,0.0004730420041596517,0.0004844579962082207,0.0005008245905628427
-2,38,18,3.01016803698192,256,ok,0.0009033340029418468,0.0009109160018851981,0.0009155409992672503
-2,17,-17,0.5696376816484494,256,ok,0.0003194579912815243,0.00031966700043994933,0.0003208327980246395
-2,18,14,2.389049372448724,256,ok,0.0003621659998316318,0.00036254200676921755,0.0003716167964739725
-2,29,-21,0.8892740084715356,256,ok,0.0005611660017166287,0.0005619579897029325,0.0005672832019627094
-2,25,18,4.440924707577003,256,ok,0.000773666994064115,0.0007815410062903538,0.0007923659955849871
-2,21,-5,4.835214108640647,256,ok,0.0008214999979827553,0.0008263749914476648,0.0008458080032141879
-2,2,1,4.978237105596252,256,ok,0.000538792010047473,0.000538958003744483,0.0005490249925060198
-2,33,-25,1.3150500866454655,256,ok,0.000657666998449713,0.0006577919994015247,0.0006663750013103708
-2,5,1,2.1299611145382733,256,ok,0.00038979199598543346,0.00039845799619797617,0.00040371700015384704
-2,42,-15,0.6131025309853958,256,ok,0.0010455420124344528,0.0010477089963387698,0.001057216402841732
-2,3,-3,4.95424426905284,256,ok,0.000548875003005378,0.0005507500027306378,0.0005587497900705785
-2,49,-30,3.6164088503191345,256,ok,0.0011510000040289015,0.0011572500079637393,0.0011652659974060952
-2,7,5,2.088095068364492,256,ok,0.00022133300080895424,0.00022341599105857313,0.0002262421970954165
-2,33,4,0.8948590974791829,256,ok,0.0008673749980516732,0.000873583005159162,0.0008855833904817701
-2,42,-37,0.13019363240899093,256,ok,0.0007155000057537109,0.0007170410099206492,0.0007238999998662621
-2,3,0,2.8867158029593245,256,ok,0.00048437500663567334,0.0004868749965680763,0.0004995252034859732
-2,47,31,3.4860242717902956,256,ok,0.001055500004440546,0.0010775419941637665,0.0011112420033896342
-2,25,21,0.055323099368094784,256,ok,0.00038995798968244344,0.0003904590121237561,0.00039758300699759274
-2,19,9,2.650015432657832,256,ok,0.00041908300772774965,0.00041958400106523186,0.0004252669983543456
-2,22,7,2.1656010609268255,256,ok,0.0005055000074207783,0.0005068329919595271,0.0005204003973631188
-2,18,-7,0.9297547909373148,256,ok,0.00041045800026040524,0.0004169169988017529,0.0004251581936841831
-2,14,8,3.415347054881594,256,ok,0.0005585420003626496,0.0005652920081047341,0.0005730327975470573
-2,20,-7,4.055181933710461,256,ok,0.0007431249978253618,0.0007662919961148873,0.0007789496012264863
-2,41,15,0.6124507855237656,256,ok,0.0009979169990401715,0.0010068330011563376,0.001025666599161923
-2,22,-20,1.8072098933767053,256,ok,0.0004058339982293546,0.0004114170005777851,0.00042678360478021204
-2,4,3,3.922770863356297,256,ok,0.0005462499975692481,0.0005472920020110905,0.0005712999904062599
-2,16,-3,1.2240649598910505,256,ok,0.0004025840025860816,0.00040291700861416757,0.00041219220438506456
-2,32,8,2.5650295663529383,256,ok,0.0007980829977896065,0.0008115829987218603,0.0008561252034269273
-2,42,21,0.03048235199692158,256,ok,0.000803707996965386,0.0008087089954642579,0.0008339413936482743
-2,23,-13,0.45112655762395354,256,ok,0.00047462500515393913,0.0004775830020662397,0.0004921168059809133
-2,13,-7,1.466991173887806,256,ok,0.000308749993564561,0.0003161249915137887,0.0003197162062861025
-2,45,9,3.557003305037161,256,ok,0.001254290997167118,0.001271499990252778,0.0012849086051573977
-2,34,-12,4.9859133403427505,256,ok,0.0012212920119054615,0.001230958994710818,0.001244058203883469
-2,21,-15,2.033140532234623,256,ok,0.00039266698877327144,0.0004241249989718199,0.0004770001978613436
-2,41,34,0.44423459636581,256,ok,0.0007020829943940043,0.0007495000027120113,0.0007574582006782294
-2,16,-4,0.703235542714748,256,ok,0.000386208004783839,0.00040583299414720386,0.0004407087981235236
-2,8,-6,0.8088081507723087,256,ok,0.000229124998440966,0.00022941599308978766,0.00023260799644049258
-2,47,-1,3.5711215153753724,256,ok,0.0014630000077886507,0.0014735000004293397,0.0015014164033345877
-2,7,7,3.015293708362832,256,ok,0.00038645899621769786,0.00039437500527128577,0.0004056083940668032
-2,40,-32,2.6287821297264857,256,ok,0.0007951250008773059,0.0008017090003704652,0.0008123331994283944
-2,50,-13,3.3233611874199376,256,ok,0.0014026249991729856,0.0014234999980544671,0.001448474996141158
-2,15,-6,3.989473636644412,256,ok,0.0006049170042388141,0.0006052499957149848,0.0006146333937067539
-2,15,-14,3.5269971076412734,256,ok,0.0003028750070370734,0.0003038750000996515,0.00031698360107839106
-2,48,-31,2.303334289261858,256,ok,0.0011493329948280007,0.0011757499887607992,0.001183316996321082
-2,47,-31,4.1535352816821325,256,ok,0.0010531669977353886,0.001067958990461193,0.0010824751981999726
-2,38,-16,4.63956462868374,256,ok,0.0009016660042107105,0.0009125829965341836,0.0009307666070526466
-2,2,2,1.7584316300546974,256,ok,0.0003251250018365681,0.00032783299684524536,0.00033570000668987633
-2,41,-25,0.6262708122073624,256,ok,0.0008878329972503707,0.0008904999995138496,0.0009152417973382398
-2,38,-26,2.093614138130855,256,ok,0.0007818330050213262,0.0007888330001151189,0.0008056998049141839
-2,45,-18,0.18170658910676005,256,ok,0.0010425000073155388,0.001059083006111905,0.0010755079973023384
-2,35,-22,2.871637670937192,256,ok,0.0007254999945871532,0.0007258749974425882,0.0007321504002902657
-2,24,12,1.2093877678452336,256,ok,0.0005112499929964542,0.0005159169959370047,0.0005327001970726996
-2,29,-19,2.9521053151074175,256,ok,0.0005799159989692271,0.0005886250000912696,0.0005987996060866863
-2,12,-11,0.19232225560063135,256,ok,0.00024141698668245226,0.0002417089999653399,0.00025157459313049916
-2,5,-3,3.774615833804184,256,ok,0.0005431660101749003,0.0005508329923031852,0.0005617166025331244
-2,41,0,2.110300851029477,256,ok,0.0011982500000158325,0.0012157500023022294,0.0012224416044773535
-2,39,-37,0.668840067915535,256,ok,0.0007279160054167733,0.0007463749934686348,0.000756866199662909
-2,38,30,3.6000099999051716,256,ok,0.0007543329993495718,0.0007567919965367764,0.0007828422036254779
-2,42,12,0.9001300979762048,256,ok,0.0010855409927899018,0.001095166997401975,0.0010994500014930963
-2,13,11,3.1042361103117146,256,ok,0.0002840829984052107,0.0002843749971361831,0.0002945497981272638
-2,43,11,0.7150619916235852,256,ok,0.001122749992646277,0.001131500001065433,0.0011507500021252781
-2,40,0,0.4987757852503602,256,ok,0.0011037920048693195,0.0011308329994790256,0.0011483166046673432
-2,24,23,3.793721023636758,256,ok,0.00043337501119822264,0.00043400000140536577,0.0004477000009501353
-2,14,14,1.2605962192568592,256,ok,0.00028570900030899793,0.0002882090047933161,0.000300458402489312
-2,47,-30,1.7749309001779572,256,ok,0.0010612920013954863,0.0010874169965973124,0.0011328164080623537
-2,47,19,1.9418937188846939,256,ok,0.0011910419998457655,0.0012055840052198619,0.0012455252115614712
-2,15,8,1.3606005564174903,256,ok,0.00034154199238400906,0.00034787500044330955,0.0003500915947370231
-2,45,17,2.7511723590477395,256,ok,0.0011377079936210066,0.0011659159936243668,0.0011800501961261034
-2,16,11,3.581751998532699,256,ok,0.0005330830026650801,0.000585832996875979,0.0006248917954508216
-2,38,-33,3.074987450592496,256,ok,0.0006827499892096967,0.0007300830038730055,0.000730642001144588
-2,9,7,1.5790782002586656,256,ok,0.000236917010624893,0.00023920799139887094,0.00027764999831561
-2,5,-2,2.4667353090763373,256,ok,0.0003889579966198653,0.0003947919904021546,0.0004069659946253523
-2,23,-1,2.49408312563145,256,ok,0.0006042500026524067,0.0006112920091254637,0.0006178084033308551
-2,40,16,0.1035637298462217,256,ok,0.0008421660022577271,0.000850584008730948,0.0008645579946460202
-2,50,-23,4.103890422569146,256,ok,0.0012706669949693605,0.0012801660050172359,0.0012963835994014516
-2,28,0,3.994824676320206,256,ok,0.0011194169928785414,0.0011606659973040223,0.001203500197152607
-2,40,-37,4.644929959975355,256,ok,0.000760124996304512,0.0007655840017832816,0.0007725997944362462
-2,27,7,0.5323033168979849,256,ok,0.0006438749987864867,0.0006555839936481789,0.0006676332035567611
-2,48,13,2.770712557492254,256,ok,0.0013149580045137554,0.001324583005043678,0.0013613245915621518
-2,6,5,0.7664311483252451,256,ok,0.0002047079906333238,0.0002061669947579503,0.000223108398495242
-2,40,32,0.7521140002843599,256,ok,0.0007970829901751131,0.0008009580051293597,0.000817000400274992
-2,13,-1,4.147953350057201,256,ok,0.0007901249919086695,0.0007989579899003729,0.0008065667992923409
-2,19,-5,0.6686823918873348,256,ok,0.0004475410096347332,0.00045329099521040916,0.0004631663963664323
-2,6,1,4.441002910878814,256,ok,0.0006199170020408928,0.0006308749871095642,0.0006506253965198993
-2,22,10,2.707571822355742,256,ok,0.0004803339979844168,0.0004857909952988848,0.0005191171949263662
-2,33,-5,1.5317962214808045,256,ok,0.000817291991552338,0.0008613749960204586,0.0009038502001203597
-2,50,-19,0.3872279732595843,256,ok,0.0012424999877111986,0.0012447500048438087,0.0012550748011562972
-2,41,25,0.5602116856076088,256,ok,0.0008926250011427328,0.000893999997060746,0.0009032661939272657
-2,26,21,3.8846300851388165,256,ok,0.0004922090010950342,0.000494624997372739,0.0005150580051122233
-2,50,26,1.8658859979647153,256,ok,0.0012318329972913489,0.0012481669982662424,0.0012645836075535044
-2,42,20,0.8148789088083931,256,ok,0.0009853339870460331,0.0009892920061247423,0.0009936751972418278
-2,31,-23,4.241010697931498,256,ok,0.0006407080072676763,0.0006495829875348136,0.0006955670047318563
-2,20,-17,3.2624925975267387,256,ok,0.00037645800330210477,0.00041216600220650434,0.0004268498014425859
-2,37,-5,3.6866553889686084,256,ok,0.0010153750044992194,0.0010272919898852706,0.0010526833968469874
-2,6,4,1.3553215525186304,256,ok,0.00021104200277477503,0.0002120830031344667,0.0002178999944590032
-2,8,4,2.9972625811322007,256,ok,0.00043854200339410454,0.0004386249929666519,0.00044206679740455
-2,44,37,4.88223719801023,256,ok,0.000888458002009429,0.0008894170023268089,0.0008975329954409971
-2,6,-1,3.3736229948122842,256,ok,0.000622958003077656,0.0006237079942366108,0.0006308746000286191
-2,33,14,2.239259426649889,256,ok,0.0007590830064145848,0.0007617500086780638,0.0007714087987551466
-2,50,7,4.76378626880878,256,ok,0.001516750009614043,0.0015294159966288134,0.0015445418015588076
-2,14,10,0.36603180237538824,256,ok,0.00030645899823866785,0.00030654200236313045,0.0003103918017586693
-2,42,13,1.8398447862682186,256,ok,0.001076250002370216,0.0010774169932119548,0.0010924502043053509
-2,30,21,4.805826696761277,256,ok,0.0009533749980619177,0.0009582089987816289,0.0009675411973148584
-2,46,-1,4.033127056089833,256,ok,0.0014237919967854396,0.0014298339956440032,0.0014414583973120898
-2,2,-2,3.1100741012898845,256,ok,0.0004715000104624778,0.00047229100891854614,0.00047545779671054333
-2,33,17,1.7085428938558687,256,ok,0.0007198749954113737,0.0007222909916890785,0.0007285919971764087
-2,25,-1,1.9979304792203827,256,ok,0.0006608749972656369,0.0006637089973082766,0.000672791400575079
-2,33,26,0.8635545361227712,256,ok,0.0006317500083241612,0.0006330839969450608,0.0006381161976605654
-2,33,-26,1.4078193121763611,256,ok,0.0006321660039247945,0.0006335409998428077,0.0006378580001182854
-2,39,-24,1.0718785473974726,256,ok,0.0008267910016002133,0.0008270410035038367,0.0008355080004548654
-2,8,-7,2.995978062542237,256,ok,0.00040729100874159485,0.00040970899863168597,0.00041256599652115253
-2,47,19,4.461597016424398,256,ok,0.0011973329965258017,0.001206334010930732,0.0012227829953189938
-2,15,-8,1.0667543916910347,256,ok,0.00034212500031571835,0.00034245899587403983,0.0003532586008077487
-2,3,1,0.4578741341648689,256,ok,0.0001780419988790527,0.00017816699983086437,0.00017954220238607376
-2,42,23,3.444539994295579,256,ok,0.0009658749913796782,0.0009670830040704459,0.0009815667959628626
-2,23,-15,3.3170067998189126,256,ok,0.00046379200648516417,0.00046416699478868395,0.00047461639333050697
-2,32,-30,0.9630408820023165,256,ok,0.0005782090011052787,0.0005789590068161488,0.000584050000179559
-2,8,-4,3.318990891499514,256,ok,0.00043775000085588545,0.00043833300878759474,0.0004475335997994989
-2,11,6,1.317970775436902,256,ok,0.00028087499958928674,0.00028125000244472176,0.0002914499957114458
-2,11,-8,3.581533119968069,256,ok,0.00046866699995007366,0.0004695000097854063,0.0004855833947658539
-2,35,-22,0.5535808688424059,256,ok,0.0007178749947343022,0.0007199579995358363,0.0007333829998970032
-2,50,34,0.8894001081717071,256,ok,0.001131541997892782,0.0011369169951649383,0.0011450499994680285
-2,31,29,4.22175687405619,256,ok,0.0005617919960059226,0.0005623330071102828,0.0005817918019602076
-2,33,33,3.3841258186718144,256,ok,0.0005883330013602972,0.0005887080042157322,0.0006064583983970806
-2,38,27,3.8944516656110353,256,ok,0.0007756249979138374,0.0007842089980840683,0.0008057497965637594
-2,46,-39,0.6560703216646354,256,ok,0.0009341250115539879,0.0009360840049339458,0.0009482667985139415
-2,14,-10,1.9177766770899356,256,ok,0.0003094589919783175,0.000309833005303517,0.00031340800633188336
-2,26,23,1.3040379367784465,256,ok,0.0004743329918710515,0.0004760830051964149,0.00048697479360271245
-2,45,-25,3.0872766230171114,256,ok,0.0010469589906278998,0.0010532089945627376,0.0010627668030792846
-2,42,18,1.3250596882576529,256,ok,0.0010203330020885915,0.0010265830060234293,0.0010417916055303067
-2,31,-24,3.2046538986366464,256,ok,0.0005955410015303642,0.000599917009822093,0.0006052411947166548
-2,50,25,3.177762900663183,256,ok,0.0012435829994501546,0.00124862500524614,0.001258992007933557
-2,31,-27,2.8247406394002113,256,ok,0.0005726250092266127,0.0005757499893661588,0.0005800498038297519
-2,6,4,3.1923911025859923,256,ok,0.0005266250082058832,0.0005296669987728819,0.0005367086007026956
-2,15,-2,0.5054796922056028,256,ok,0.0003844169987132773,0.0003885000041918829,0.0003942748066037893
-2,18,-7,0.2657136132300285,256,ok,0.000403750003897585,0.0004162499972153455,0.0004183253942755982
-2,37,14,0.9699239182638704,256,ok,0.0008835000044200569,0.0008881670073606074,0.0008961330022430047
-2,35,32,0.36674829343079385,256,ok,0.0006019169959472492,0.0006022910092724487,0.0006059749925043434
-2,16,8,1.1713350516215577,256,ok,0.00036129199725110084,0.0003616250032791868,0.0003649088030215353
-2,11,2,0.05142253289552908,256,ok,0.0002527499891584739,0.000253916994552128,0.00025688320165500044
-2,8,-7,1.2885522479627634,256,ok,0.0002237919979961589,0.0002260830078739673,0.00023163379810284824
-2,28,-7,0.1845807978974328,256,ok,0.0006281249952735379,0.0006289580051088706,0.0006348912022076548
-2,7,0,3.2305046252880985,256,ok,0.0005650829989463091,0.0005655419954564422,0.000571275400579907
-2,31,-8,2.906735022779344,256,ok,0.0007665410084882751,0.0007802500040270388,0.00078201720607467
-2,23,1,4.233153509598982,256,ok,0.0009497919963905588,0.0009549999958835542,0.0009737000073073432
-2,38,36,4.505775442297342,256,ok,0.0007116670021787286,0.0007184579881140962,0.0007473499979823827
-2,42,19,1.0088100177578978,256,ok,0.0010046669922303408,0.0010580840025795624,0.0010817753995070235
-2,10,7,0.6716035998899172,256,ok,0.0002557499974500388,0.00026204201276414096,0.0002679245953913778
-2,37,-6,2.186433675835248,256,ok,0.0009837920079007745,0.0009939169976860285,0.001011008594650775
-2,42,-19,4.099752097515513,256,ok,0.0010149169975193217,0.001021957999910228,0.0010421998042147607
-2,12,8,3.3927821696514093,256,ok,0.0004945419932482764,0.0005005830025766045,0.0005143337970366701
-2,40,-9,2.4153431868911523,256,ok,0.0010494580055819824,0.00105854200955946,0.001079541994840838
-2,11,-11,4.246415305172452,256,ok,0.0004410419933265075,0.00044712499948218465,0.00046181700308807195
-2,12,8,1.7042070502012399,256,ok,0.0002853330079233274,0.00028829200891777873,0.00030382539844140414
-2,20,-11,0.4202868513802112,256,ok,0.0004267089971108362,0.0004308330098865554,0.0004371413990156725
-2,28,-1,4.487975545286625,256,ok,0.0011478329979581758,0.0011652499961201102,0.0011794831982115284
-2,35,-3,1.2805084638801019,256,ok,0.0009509169904049486,0.0009587920067133382,0.0009965078003006055
-2,25,12,1.890854649318778,256,ok,0.0005345419922377914,0.0005427089927252382,0.0005608089995803311
-2,46,1,2.973492403987494,256,ok,0.0014135000092210248,0.0014364160015247762,0.0014502078091027215
-2,35,-2,0.4991590435981485,256,ok,0.0009452500089537352,0.0009545420034555718,0.0009712834027595818
-2,49,0,3.347169965148804,256,ok,0.0015319169906433672,0.0015479169960599393,0.0015751584025565535
-2,16,13,1.5563453806667056,256,ok,0.000328666006680578,0.00032974999339785427,0.0003356580011313781
-2,18,-2,2.7091518203892697,256,ok,0.0004691669892054051,0.00047058399650268257,0.00047544159751851113
-2,17,11,1.430738942193816,256,ok,0.00035858299816027284,0.00035916699562221766,0.00036214200663380324
-2,28,7,2.5241929316625233,256,ok,0.0006908749928697944,0.0006977080047363415,0.0007045336009468883
-2,50,-18,4.829514416923103,256,ok,0.0013369589869398624,0.0013474169973051175,0.0013528418057831004
-2,11,-8,1.89739160540959,256,ok,0.00026787500246427953,0.000270208009169437,0.00027472500514704736
-2,3,2,0.8507630063383832,256,ok,0.00017783298972062767,0.00017816699983086437,0.00019426679937168957
-2,46,0,1.518393811630578,256,ok,0.00137854200147558,0.0014138750120764598,0.001434941601473838
-2,34,-32,0.7260124892771161,256,ok,0.000607333000516519,0.0006079169979784638,0.0006161496014101431
-2,48,-24,0.22878329028146396,256,ok,0.0010897080064751208,0.0011140419956063852,0.0011462829919764773
-2,2,-1,1.4304580317029958,256,ok,0.00016612499894108623,0.00016820800374262035,0.00017245840281248092
-2,12,3,3.941980024273578,256,ok,0.0007363330078078434,0.0007422080088872463,0.0007672914012800902
-2,43,-29,3.718755420304836,256,ok,0.0009217920014634728,0.0009349169995402917,0.0009536252036923543
-2,5,3,2.3711968369762335,256,ok,0.0003788339963648468,0.0003836659889202565,0.00039075000386219473
-2,14,5,3.4967450984570774,256,ok,0.0006192500004544854,0.0006424170132959262,0.0006591419980395586
-2,33,32,2.5114234019465886,256,ok,0.0005963750008959323,0.0006264590047067031,0.0006623500055866316
-2,10,0,3.714767977143522,256,ok,0.0006756250077160075,0.0006819170084781945,0.0006971500028157607
-2,25,8,4.692734955010921,256,ok,0.0008862499962560833,0.0009423329902347177,0.0009953671949915587
-2,24,-11,1.9511819792853307,256,ok,0.0004967079876223579,0.0005296250019455329,0.0005336247995728627
-2,47,-5,4.170218183544932,256,ok,0.0013452919956762344,0.0014780829951632768,0.001515574805671349
-2,33,10,2.022459364873829,256,ok,0.0008049580064835027,0.0008080840052571148,0.0008258913992904126
-2,29,-26,1.0512442316955206,256,ok,0.000516125001013279,0.0005173339886823669,0.0005392169958213344
-2,13,2,2.3743338019518503,256,ok,0.0003424580063438043,0.0003443329915171489,0.00036357460776343943
-2,39,6,2.734333143518232,256,ok,0.0010779169970192015,0.00112674999400042,0.001201341801788658
-2,6,-5,1.9199576188544925,256,ok,0.0002054170035989955,0.00020583299919962883,0.0002069340058369562
-2,22,-10,3.6681426528896033,256,ok,0.0004800000024260953,0.00048091700591612607,0.0004892167984507978
-2,28,7,0.40845742204629326,256,ok,0.0006693750037811697,0.0006760410033166409,0.0006855578045360744
-2,14,-11,3.663884633007931,256,ok,0.0005176660051802173,0.0005197080026846379,0.000530699995579198
-2,38,7,1.5944228970300363,256,ok,0.001032084008329548,0.0010394170094514266,0.0010648327908711508
-2,38,-36,3.6703072734294095,256,ok,0.0007098749920260161,0.0007101249939296395,0.0007149754004785791
-2,3,3,3.818351979565849,256,ok,0.0005197909922571853,0.0005213749973336235,0.0005286918021738529
-2,24,-9,2.7178450835701295,256,ok,0.0005379159993026406,0.0005382919916883111,0.0005472585966344923
-2,20,-8,1.6777961097685716,256,ok,0.00044866699317935854,0.00044941699889022857,0.0004534000065177679
-2,25,23,2.089712631442361,256,ok,0.0004535000043688342,0.0004549169971141964,0.0004641835956135765
-2,44,37,1.827554111503106,256,ok,0.0008897079969756305,0.0008919160027289763,0.0008980421989690512
-2,50,-2,1.7854131708409455,256,ok,0.0016001670010155067,0.0016029160033212975,0.001627066798391752
-2,46,-5,3.6447280727567475,256,ok,0.0013737089902861044,0.0013795830018352717,0.0013876168057322502
-2,28,-20,3.4565080855535957,256,ok,0.0005580829893006012,0.0005586250044871122,0.0005626835976727307
-2,46,-37,3.2639592851363326,256,ok,0.000956124989897944,0.0009595420124242082,0.0009742081980220974
-2,42,8,1.2592178871874866,256,ok,0.0011357920011505485,0.0011437499924795702,0.001147766798385419
-2,3,1,4.468980912132657,256,ok,0.0005625000048894435,0.0005656659923261032,0.0005713077960535883
-2,47,-35,1.7964700859238547,256,ok,0.0010028329998021945,0.0010111670126207173,0.001016682997578755
-2,17,17,2.141221198361225,256,ok,0.0003684169932967052,0.0003685420088004321,0.0003705998009536415
-2,41,29,3.3859194688126415,256,ok,0.0008578749984735623,0.0008746249950490892,0.0008815664012217894
-2,7,-7,4.155049991589025,256,ok,0.0005519999976968393,0.0005644160119118169,0.0006172752007842065
-2,31,4,0.5035957631650742,256,ok,0.0007673750078538433,0.0008236669964389876,0.0008271332015283405
-2,9,2,3.9815806869271375,256,ok,0.0007144580013118684,0.0007154159975470975,0.0007190668053226546
-2,5,0,3.552901261678777,256,ok,0.0005642920004902408,0.0005658330046571791,0.0005935422057518736
-2,11,-3,3.715409611758002,256,ok,0.000720833006198518,0.0007230409973999485,0.0007304249971639365
-2,22,-11,1.5558539810973124,256,ok,0.0004911660071229562,0.000541291999979876,0.0005786502006230876
-2,34,29,1.7759044312345817,256,ok,0.0006631249998463318,0.0006690000009257346,0.0006836332060629502
-2,37,-3,2.1275426814505276,256,ok,0.0010707910114433616,0.0010788330109789968,0.0011229161988012494
-2,29,4,1.5725212615693345,256,ok,0.0007723750022705644,0.0007754580001346767,0.0007791159936459735
-2,15,-8,1.2529106606395275,256,ok,0.00035724999906960875,0.00035766699875239283,0.00035884180397260934
-2,50,-23,3.0679358104198227,256,ok,0.0013220000109868124,0.0013264170120237395,0.001380083998083137
-2,42,-23,0.8454700262874156,256,ok,0.0010432919953018427,0.0010452090064063668,0.0010465661936905235
-2,35,-33,4.504104249611613,256,ok,0.0006694170006085187,0.0006695839983876795,0.0006721416051732376
-2,48,-29,3.333880318107643,256,ok,0.0011654170084511861,0.0011662079923553392,0.0011690997984260322
-2,42,33,4.560275596890035,256,ok,0.0008921660046325997,0.0008926659938879311,0.0008967085974290967
-2,7,-5,2.3696882764117273,256,ok,0.0004187500016996637,0.0004223750001983717,0.0007615415990585464
-2,9,-1,1.2007793754591207,256,ok,0.00028179099899716675,0.00028199999360367656,0.0002831413963576779
-2,3,1,0.8158526497991195,256,ok,0.0001856660092016682,0.00018599999020807445,0.00018675860192161054
-2,25,17,0.19182698726484448,256,ok,0.0004695840034401044,0.0004707080079242587,0.0006485163990873845
-2,17,-1,4.902537305044678,256,ok,0.001044791002641432,0.0010468330001458526,0.0011884669918799775
-2,49,2,0.617379754071972,256,ok,0.001555291994009167,0.0015620409976691008,0.001585458603221923
-2,44,38,1.418518738573728,256,ok,0.0009125840006163344,0.0009165000083157793,0.0009483247937168926
-2,14,12,0.5980051964722548,256,ok,0.00030633300775662065,0.00030654200236313045,0.0003080081980442628
-2,35,5,0.8595430552120691,256,ok,0.0009516249992884696,0.0009530840034130961,0.0009579582023434341
-2,38,27,3.2149433607705746,256,ok,0.0008070839976426214,0.0008089170005405322,0.0008731413981877267
-2,35,33,2.276713542395359,256,ok,0.0006635419995291159,0.0006665840046480298,0.0006674497970379889
-2,30,11,1.9086088674422372,256,ok,0.0007265000022016466,0.0007279999990714714,0.000730375005514361
-2,31,5,1.7618799412958606,256,ok,0.000829583004815504,0.0008371659932890907,0.0011039247998269276
-2,42,-39,1.2241737145011349,256,ok,0.0008400420047109947,0.0008417089993599802,0.000844799802871421
-2,13,6,4.727446643027856,256,ok,0.0007815829885657877,0.0007819170132279396,0.0007853085990063846
-2,46,6,1.8687973617749758,256,ok,0.0013820419990224764,0.001385374998790212,0.0013960665935883298
-2,46,18,2.904676723871593,256,ok,0.0012160829937784001,0.0012218330084579065,0.001266324595781043
-2,12,6,0.9432069612521145,256,ok,0.00031075000879354775,0.00031129100534599274,0.0003126252006040886
-2,38,3,3.423799855442249,256,ok,0.0011161250004079193,0.001121417008107528,0.0011954665940720588
-2,29,13,2.3919099188165363,256,ok,0.0006668749992968515,0.0006675409968011081,0.0006704661966068671
-2,48,-30,3.599349580717677,256,ok,0.0011556250101421028,0.0011567079927772284,0.0011610834044404328
-2,40,3,2.6244495514487585,256,ok,0.0011777499894378707,0.0011827910057036206,0.0012183831975562498
-2,23,-18,1.6821038672365622,256,ok,0.00045804200635757297,0.00045858298835810274,0.0004610833973856643
-2,14,-14,3.2959899890034876,256,ok,0.0002956249954877421,0.00029579199326690286,0.00029700040468014775
-2,34,-13,4.825052102010728,256,ok,0.0013073329901089892,0.0013092080043861642,0.0013148077967343851
